month,segment_id,state,product_line,territory,written_premium,earned_premium,incurred_losses,loss_ratio,expense_ratio,combined_ratio,retention,policy_count,claim_frequency,avg_claim_severity
2025-04,WA-HO-01,WA,Home,Urban agency corridor,1069341,1079198,613089,56.8,29.0,85.8,81.1,718,5.7,15071
2025-05,WA-HO-01,WA,Home,Urban agency corridor,754590,709227,490475,69.2,29.8,98.9,82.3,367,6.0,22315
2025-06,WA-HO-01,WA,Home,Urban agency corridor,749277,749713,537134,71.6,28.5,100.2,81.9,318,7.8,21650
2025-07,WA-HO-01,WA,Home,Urban agency corridor,797028,740975,555189,74.9,30.1,105.0,85.8,354,7.4,21311
2025-08,WA-HO-01,WA,Home,Urban agency corridor,1245114,1192637,823105,69.0,31.5,100.5,84.7,532,6.6,23285
2025-09,WA-HO-01,WA,Home,Urban agency corridor,1116633,1032419,635563,61.6,28.2,89.8,81.4,680,7.7,12154
2025-10,WA-HO-01,WA,Home,Urban agency corridor,905977,891091,550799,61.8,28.7,90.5,82.2,572,5.1,18980
2025-11,WA-HO-01,WA,Home,Urban agency corridor,1101092,1080076,606049,56.1,30.9,87.0,81.9,640,4.5,21007
2025-12,WA-HO-01,WA,Home,Urban agency corridor,1103496,1076676,686207,63.7,31.6,95.3,85.6,711,8.3,11600
2026-01,WA-HO-01,WA,Home,Urban agency corridor,941677,891555,486926,54.6,32.2,86.8,86.2,553,5.1,17375
2026-02,WA-HO-01,WA,Home,Urban agency corridor,989044,1000373,596924,59.7,28.1,87.8,82.4,527,6.8,16731
2026-03,WA-HO-01,WA,Home,Urban agency corridor,1093985,1104686,665247,60.2,27.8,88.0,86.9,601,7.6,14621
2025-04,WA-HO-02,WA,Home,Rural farm belt,768109,735973,587034,79.8,29.7,109.4,83.0,328,10.6,16957
2025-05,WA-HO-02,WA,Home,Rural farm belt,1097736,1084751,802091,73.9,28.1,102.0,81.1,787,7.6,13334
2025-06,WA-HO-02,WA,Home,Rural farm belt,971711,986657,807397,81.8,28.1,109.9,80.2,677,6.8,17581
2025-07,WA-HO-02,WA,Home,Rural farm belt,1186235,1126739,881360,78.2,30.2,108.4,78.1,529,7.7,21719
2025-08,WA-HO-02,WA,Home,Rural farm belt,1147197,1116263,737587,66.1,28.4,94.5,77.3,481,5.6,27602
2025-09,WA-HO-02,WA,Home,Rural farm belt,1181007,1122844,733437,65.3,31.8,97.1,82.9,832,6.6,13401
2025-10,WA-HO-02,WA,Home,Rural farm belt,799602,796452,602259,75.6,27.3,102.9,80.1,423,8.6,16617
2025-11,WA-HO-02,WA,Home,Rural farm belt,1216119,1170288,739634,63.2,29.7,92.9,81.6,790,7.0,13419
2025-12,WA-HO-02,WA,Home,Rural farm belt,1286630,1267315,829904,65.5,29.6,95.1,77.9,840,7.1,13866
2026-01,WA-HO-02,WA,Home,Rural farm belt,1083207,1021477,622165,60.9,26.9,87.8,81.0,675,5.1,18201
2026-02,WA-HO-02,WA,Home,Rural farm belt,1231137,1141370,706319,61.9,30.5,92.4,78.5,814,5.1,17075
2026-03,WA-HO-02,WA,Home,Rural farm belt,1086877,1051301,772830,73.5,31.3,104.9,78.4,772,7.6,13148
2025-04,WA-HO-03,WA,Home,Wildland interface,785250,754046,601718,79.8,31.7,111.5,77.6,513,8.2,14321
2025-05,WA-HO-03,WA,Home,Wildland interface,950015,900476,729808,81.0,32.0,113.1,78.8,401,7.9,23021
2025-06,WA-HO-03,WA,Home,Wildland interface,771206,786575,736957,93.7,32.3,126.0,81.7,353,11.2,18565
2025-07,WA-HO-03,WA,Home,Wildland interface,993638,935385,810309,86.6,26.9,113.5,78.4,392,9.8,21061
2025-08,WA-HO-03,WA,Home,Wildland interface,1149938,1110266,957689,86.3,32.2,118.5,82.1,587,7.8,20980
2025-09,WA-HO-03,WA,Home,Wildland interface,838168,795983,748122,94.0,30.0,124.0,79.4,377,12.1,16439
2025-10,WA-HO-03,WA,Home,Wildland interface,1062005,1030448,917512,89.0,27.4,116.5,81.9,767,10.6,11324
2025-11,WA-HO-03,WA,Home,Wildland interface,1073924,1060523,796089,75.1,27.2,102.3,81.5,691,7.2,16073
2025-12,WA-HO-03,WA,Home,Wildland interface,1092864,1051251,833064,79.2,29.6,108.9,81.7,707,7.2,16476
2026-01,WA-HO-03,WA,Home,Wildland interface,901858,865403,692870,80.1,28.3,108.4,78.0,409,10.2,16637
2026-02,WA-HO-03,WA,Home,Wildland interface,1021733,1042010,903096,86.7,26.9,113.6,77.4,670,7.1,18921
2026-03,WA-HO-03,WA,Home,Wildland interface,1249471,1259375,975808,77.5,27.4,104.9,81.1,611,7.3,21763
2025-04,WA-HO-04,WA,Home,Mountain and hail belt,1062801,1077567,777525,72.2,27.2,99.3,74.7,571,8.1,16724
2025-05,WA-HO-04,WA,Home,Mountain and hail belt,1040449,1031877,785506,76.1,30.3,106.4,75.6,569,6.3,21810
2025-06,WA-HO-04,WA,Home,Mountain and hail belt,1166866,1084287,889933,82.1,28.2,110.2,74.0,507,7.7,22853
2025-07,WA-HO-04,WA,Home,Mountain and hail belt,881703,876521,746010,85.1,29.1,114.2,74.1,655,7.1,15945
2025-08,WA-HO-04,WA,Home,Mountain and hail belt,1210281,1179490,1055334,89.5,30.0,119.5,74.9,844,9.9,12635
2025-09,WA-HO-04,WA,Home,Mountain and hail belt,1215103,1214632,1068292,88.0,31.9,119.8,75.3,790,11.0,12322
2025-10,WA-HO-04,WA,Home,Mountain and hail belt,1161847,1171622,902772,77.1,30.2,107.3,74.9,505,6.5,27430
2025-11,WA-HO-04,WA,Home,Mountain and hail belt,1269314,1270681,1053179,82.9,26.6,109.5,78.4,778,6.8,19851
2025-12,WA-HO-04,WA,Home,Mountain and hail belt,1187153,1194759,951258,79.6,28.1,107.7,78.7,869,6.7,16307
2026-01,WA-HO-04,WA,Home,Mountain and hail belt,1223404,1152744,910613,79.0,29.3,108.3,75.8,532,9.1,18717
2026-02,WA-HO-04,WA,Home,Mountain and hail belt,794970,746726,529686,70.9,31.7,102.6,79.8,475,6.6,16833
2026-03,WA-HO-04,WA,Home,Mountain and hail belt,996946,1015005,778199,76.7,32.1,108.8,74.7,429,9.1,19857
2025-04,WA-AU-01,WA,Auto,Urban agency corridor,690979,677589,471835,69.6,24.8,94.4,80.4,439,6.3,17046
2025-05,WA-AU-01,WA,Auto,Urban agency corridor,575668,582897,422693,72.5,26.8,99.3,81.4,288,7.8,18865
2025-06,WA-AU-01,WA,Auto,Urban agency corridor,605555,597334,421244,70.5,24.4,94.9,82.0,287,7.8,18735
2025-07,WA-AU-01,WA,Auto,Urban agency corridor,702137,674641,488858,72.5,24.3,96.7,77.7,389,5.9,21162
2025-08,WA-AU-01,WA,Auto,Urban agency corridor,850108,858848,649773,75.7,24.3,100.0,80.2,686,8.5,11186
2025-09,WA-AU-01,WA,Auto,Urban agency corridor,758064,741385,553137,74.6,25.3,99.9,79.6,495,7.6,14777
2025-10,WA-AU-01,WA,Auto,Urban agency corridor,948865,948488,602131,63.5,23.0,86.5,80.0,479,6.9,18170
2025-11,WA-AU-01,WA,Auto,Urban agency corridor,921643,917139,643319,70.1,23.8,94.0,78.1,717,8.0,11159
2025-12,WA-AU-01,WA,Auto,Urban agency corridor,789845,793773,457145,57.6,25.0,82.6,80.7,538,5.2,16203
2026-01,WA-AU-01,WA,Auto,Urban agency corridor,802254,757647,511016,67.4,22.5,90.0,81.4,354,8.4,17192
2026-02,WA-AU-01,WA,Auto,Urban agency corridor,778956,730340,536975,73.5,25.6,99.1,77.2,475,6.3,18054
2026-03,WA-AU-01,WA,Auto,Urban agency corridor,796252,796364,557855,70.1,28.4,98.5,80.5,339,5.9,28089
2025-04,WA-AU-02,WA,Auto,Rural farm belt,913294,908148,691110,76.1,24.1,100.2,75.3,457,6.7,22513
2025-05,WA-AU-02,WA,Auto,Rural farm belt,774858,761434,572172,75.1,23.0,98.1,75.6,487,8.3,14226
2025-06,WA-AU-02,WA,Auto,Rural farm belt,786908,734844,560685,76.3,26.7,103.0,78.1,555,8.0,12629
2025-07,WA-AU-02,WA,Auto,Rural farm belt,792685,762228,583629,76.6,25.0,101.6,79.3,396,7.0,21130
2025-08,WA-AU-02,WA,Auto,Rural farm belt,920158,916992,724278,79.0,22.5,101.5,76.0,433,6.7,24920
2025-09,WA-AU-02,WA,Auto,Rural farm belt,963712,926997,775494,83.7,25.8,109.4,77.5,616,9.7,12937
2025-10,WA-AU-02,WA,Auto,Rural farm belt,764976,705999,519665,73.6,26.6,100.2,76.3,490,7.5,14173
2025-11,WA-AU-02,WA,Auto,Rural farm belt,647031,635530,415622,65.4,24.9,90.3,77.2,496,6.1,13728
2025-12,WA-AU-02,WA,Auto,Rural farm belt,654106,631978,403717,63.9,24.8,88.7,75.1,388,5.7,18416
2026-01,WA-AU-02,WA,Auto,Rural farm belt,755893,752265,581068,77.2,24.0,101.3,74.3,591,7.6,12980
2026-02,WA-AU-02,WA,Auto,Rural farm belt,1011517,965994,721395,74.7,27.2,101.9,77.8,456,6.1,25946
2026-03,WA-AU-02,WA,Auto,Rural farm belt,691615,637695,431434,67.7,23.3,90.9,77.9,335,7.9,16351
2025-04,WA-AU-03,WA,Auto,Wildland interface,615109,616296,602443,97.8,23.1,120.9,71.1,383,9.0,17518
2025-05,WA-AU-03,WA,Auto,Wildland interface,942332,904323,871325,96.4,23.0,119.3,75.1,458,12.0,15815
2025-06,WA-AU-03,WA,Auto,Wildland interface,876519,880928,850560,96.6,23.2,119.8,76.9,409,10.5,19893
2025-07,WA-AU-03,WA,Auto,Wildland interface,748354,716217,685288,95.7,24.5,120.2,76.1,326,11.9,17637
2025-08,WA-AU-03,WA,Auto,Wildland interface,960785,944989,951246,100.7,26.7,127.4,73.6,451,8.2,25830
2025-09,WA-AU-03,WA,Auto,Wildland interface,695292,695862,648320,93.2,25.4,118.6,73.6,332,10.5,18533
2025-10,WA-AU-03,WA,Auto,Wildland interface,929317,932173,763889,81.9,27.8,109.7,72.4,522,7.8,18843
2025-11,WA-AU-03,WA,Auto,Wildland interface,746954,689342,638405,92.6,23.6,116.2,72.2,318,10.1,19947
2025-12,WA-AU-03,WA,Auto,Wildland interface,951875,942469,753993,80.0,22.6,102.6,76.6,698,7.2,14988
2026-01,WA-AU-03,WA,Auto,Wildland interface,799921,796574,690081,86.6,26.4,113.0,73.9,368,10.9,17242
2026-02,WA-AU-03,WA,Auto,Wildland interface,696595,689057,554971,80.5,26.0,106.5,73.8,370,8.4,17929
2026-03,WA-AU-03,WA,Auto,Wildland interface,914063,871174,783578,89.9,24.1,114.1,72.5,627,10.6,11759
2025-04,WA-AU-04,WA,Auto,Mountain and hail belt,755945,750244,702899,93.7,25.6,119.3,71.3,549,11.1,11576
2025-05,WA-AU-04,WA,Auto,Mountain and hail belt,662225,621130,492611,79.3,25.7,105.0,71.2,262,7.7,24340
2025-06,WA-AU-04,WA,Auto,Mountain and hail belt,847567,790464,765498,96.8,25.4,122.3,74.8,413,9.8,18847
2025-07,WA-AU-04,WA,Auto,Mountain and hail belt,753046,706686,586004,82.9,28.1,111.1,72.5,321,8.7,20922
2025-08,WA-AU-04,WA,Auto,Mountain and hail belt,614582,604100,496415,82.2,23.4,105.6,73.0,377,6.6,19981
2025-09,WA-AU-04,WA,Auto,Mountain and hail belt,635731,633471,569921,90.0,27.2,117.2,70.9,342,9.2,18064
2025-10,WA-AU-04,WA,Auto,Mountain and hail belt,767697,772316,725444,93.9,24.3,118.3,73.3,395,8.4,21899
2025-11,WA-AU-04,WA,Auto,Mountain and hail belt,972990,915369,704513,77.0,26.5,103.4,70.5,631,9.8,11424
2025-12,WA-AU-04,WA,Auto,Mountain and hail belt,600911,579909,473786,81.7,24.2,105.9,71.0,281,7.4,22732
2026-01,WA-AU-04,WA,Auto,Mountain and hail belt,786024,777172,674998,86.9,27.2,114.1,73.3,386,7.1,24500
2026-02,WA-AU-04,WA,Auto,Mountain and hail belt,778953,759055,627503,82.7,28.0,110.6,74.6,569,9.9,11112
2026-03,WA-AU-04,WA,Auto,Mountain and hail belt,735672,731917,610508,83.4,24.2,107.6,70.3,358,7.6,22486
2025-04,WA-FR-01,WA,Farm and Ranch,Urban agency corridor,522997,498014,344041,69.1,26.0,95.1,85.2,225,6.7,22966
2025-05,WA-FR-01,WA,Farm and Ranch,Urban agency corridor,667540,680862,539360,79.2,27.1,106.3,79.7,321,8.0,20898
2025-06,WA-FR-01,WA,Farm and Ranch,Urban agency corridor,589637,596481,430913,72.2,29.0,101.3,83.3,328,9.1,14469
2025-07,WA-FR-01,WA,Farm and Ranch,Urban agency corridor,509551,485771,396966,81.7,30.6,112.4,81.4,237,9.1,18326
2025-08,WA-FR-01,WA,Farm and Ranch,Urban agency corridor,678337,679257,535781,78.9,28.2,107.1,81.4,418,6.4,20070
2025-09,WA-FR-01,WA,Farm and Ranch,Urban agency corridor,531448,516280,438334,84.9,29.4,114.3,82.7,299,10.1,14570
2025-10,WA-FR-01,WA,Farm and Ranch,Urban agency corridor,522743,520466,394687,75.8,30.1,105.9,80.7,276,6.2,22890
2025-11,WA-FR-01,WA,Farm and Ranch,Urban agency corridor,547431,541861,347992,64.2,31.3,95.6,83.1,355,7.7,12656
2025-12,WA-FR-01,WA,Farm and Ranch,Urban agency corridor,582715,568279,351503,61.9,31.5,93.3,84.9,319,7.6,14407
2026-01,WA-FR-01,WA,Farm and Ranch,Urban agency corridor,666561,646456,467999,72.4,28.6,100.9,81.1,292,5.8,27455
2026-02,WA-FR-01,WA,Farm and Ranch,Urban agency corridor,501313,488843,327920,67.1,31.0,98.1,82.5,216,5.7,26751
2026-03,WA-FR-01,WA,Farm and Ranch,Urban agency corridor,513644,513131,356651,69.5,31.1,100.6,82.5,233,7.8,19632
2025-04,WA-FR-02,WA,Farm and Ranch,Rural farm belt,551840,526738,432297,82.1,28.8,110.8,80.6,325,9.7,13684
2025-05,WA-FR-02,WA,Farm and Ranch,Rural farm belt,598550,584891,462911,79.1,30.2,109.3,78.1,277,7.2,23282
2025-06,WA-FR-02,WA,Farm and Ranch,Rural farm belt,633459,607238,540080,88.9,30.4,119.4,83.7,333,11.6,14014
2025-07,WA-FR-02,WA,Farm and Ranch,Rural farm belt,552106,540521,504848,93.4,30.7,124.1,80.5,291,9.5,18175
2025-08,WA-FR-02,WA,Farm and Ranch,Rural farm belt,616543,592496,526018,88.8,26.4,115.2,80.7,250,9.7,21787
2025-09,WA-FR-02,WA,Farm and Ranch,Rural farm belt,611976,602786,544150,90.3,30.6,120.9,83.0,357,9.9,15337
2025-10,WA-FR-02,WA,Farm and Ranch,Rural farm belt,622962,620433,544982,87.8,25.7,113.6,78.3,314,7.3,23918
2025-11,WA-FR-02,WA,Farm and Ranch,Rural farm belt,705411,701656,541277,77.1,26.1,103.2,81.6,311,7.9,21926
2025-12,WA-FR-02,WA,Farm and Ranch,Rural farm belt,623393,629840,428958,68.1,30.3,98.4,79.6,374,8.3,13856
2026-01,WA-FR-02,WA,Farm and Ranch,Rural farm belt,580537,566948,458048,80.8,26.5,107.3,78.3,251,7.6,23940
2026-02,WA-FR-02,WA,Farm and Ranch,Rural farm belt,500479,506125,353550,69.9,28.3,98.1,79.4,327,9.3,11681
2026-03,WA-FR-02,WA,Farm and Ranch,Rural farm belt,666440,673185,548836,81.5,26.4,108.0,80.5,408,7.8,17222
2025-04,WA-FR-03,WA,Farm and Ranch,Wildland interface,510183,494021,444686,90.0,28.9,118.9,77.7,206,10.0,21526
2025-05,WA-FR-03,WA,Farm and Ranch,Wildland interface,674937,665368,625218,94.0,28.9,122.9,78.3,315,12.1,16360
2025-06,WA-FR-03,WA,Farm and Ranch,Wildland interface,577276,559769,602881,107.7,27.2,134.9,79.0,287,11.6,18064
2025-07,WA-FR-03,WA,Farm and Ranch,Wildland interface,589145,578592,604663,104.5,29.8,134.3,78.2,261,9.8,23590
2025-08,WA-FR-03,WA,Farm and Ranch,Wildland interface,666744,656499,636723,97.0,28.1,125.1,77.7,313,12.2,16676
2025-09,WA-FR-03,WA,Farm and Ranch,Wildland interface,501008,498377,459437,92.2,26.3,118.5,77.4,210,9.1,24098
2025-10,WA-FR-03,WA,Farm and Ranch,Wildland interface,677649,679714,614254,90.4,30.4,120.8,77.1,312,8.0,24471
2025-11,WA-FR-03,WA,Farm and Ranch,Wildland interface,519355,483788,482797,99.8,26.3,126.1,80.0,216,9.0,24909
2025-12,WA-FR-03,WA,Farm and Ranch,Wildland interface,704638,716425,677334,94.5,27.7,122.2,79.0,565,9.3,12912
2026-01,WA-FR-03,WA,Farm and Ranch,Wildland interface,558706,551601,503524,91.3,29.0,120.3,79.1,236,11.4,18796
2026-02,WA-FR-03,WA,Farm and Ranch,Wildland interface,498464,459834,441336,96.0,28.9,124.8,79.7,305,12.3,11784
2026-03,WA-FR-03,WA,Farm and Ranch,Wildland interface,671998,679349,597164,87.9,27.9,115.9,75.1,290,9.7,21134
2025-04,WA-FR-04,WA,Farm and Ranch,Mountain and hail belt,587547,584206,573898,98.2,28.0,126.3,81.2,409,10.3,13676
2025-05,WA-FR-04,WA,Farm and Ranch,Mountain and hail belt,435538,422008,386881,91.7,31.2,122.9,77.0,251,9.4,16337
2025-06,WA-FR-04,WA,Farm and Ranch,Mountain and hail belt,671593,675317,597009,88.4,29.6,118.0,80.0,284,9.5,22098
2025-07,WA-FR-04,WA,Farm and Ranch,Mountain and hail belt,523387,491451,440593,89.7,30.6,120.2,79.5,244,8.4,21568
2025-08,WA-FR-04,WA,Farm and Ranch,Mountain and hail belt,581783,536483,540658,100.8,27.0,127.7,77.5,282,12.8,14921
2025-09,WA-FR-04,WA,Farm and Ranch,Mountain and hail belt,632197,594717,524644,88.2,30.7,118.9,78.8,418,7.3,17077
2025-10,WA-FR-04,WA,Farm and Ranch,Mountain and hail belt,421960,424424,355720,83.8,26.3,110.1,78.3,292,7.8,15706
2025-11,WA-FR-04,WA,Farm and Ranch,Mountain and hail belt,430965,397128,366571,92.3,26.9,119.2,78.7,273,11.9,11291
2025-12,WA-FR-04,WA,Farm and Ranch,Mountain and hail belt,636951,619504,552734,89.2,28.4,117.6,81.4,336,11.1,14834
2026-01,WA-FR-04,WA,Farm and Ranch,Mountain and hail belt,572726,581055,440114,75.7,30.2,105.9,82.0,314,7.7,18117
2026-02,WA-FR-04,WA,Farm and Ranch,Mountain and hail belt,708393,656031,553833,84.4,27.9,112.3,80.9,361,7.0,21895
2026-03,WA-FR-04,WA,Farm and Ranch,Mountain and hail belt,455012,422288,375984,89.0,25.9,114.9,78.4,213,8.7,20305
2025-04,WA-UM-01,WA,Umbrella,Urban agency corridor,152315,150819,84579,56.1,22.4,78.5,88.9,123,6.5,10515
2025-05,WA-UM-01,WA,Umbrella,Urban agency corridor,187030,176341,85589,48.5,21.2,69.8,86.8,220,5.0,7722
2025-06,WA-UM-01,WA,Umbrella,Urban agency corridor,208776,199889,92811,46.4,24.0,70.5,84.7,154,5.8,10340
2025-07,WA-UM-01,WA,Umbrella,Urban agency corridor,154896,153948,90449,58.8,21.8,80.6,87.8,138,6.4,10205
2025-08,WA-UM-01,WA,Umbrella,Urban agency corridor,158345,151277,84200,55.7,23.0,78.7,89.5,123,4.5,15179
2025-09,WA-UM-01,WA,Umbrella,Urban agency corridor,206261,197014,104097,52.8,19.8,72.6,88.2,222,6.6,7136
2025-10,WA-UM-01,WA,Umbrella,Urban agency corridor,231703,221683,120721,54.5,21.9,76.4,89.1,169,4.4,16230
2025-11,WA-UM-01,WA,Umbrella,Urban agency corridor,230411,226115,114398,50.6,18.7,69.3,89.9,174,5.7,11484
2025-12,WA-UM-01,WA,Umbrella,Urban agency corridor,167997,166362,72097,43.3,20.5,63.9,84.3,125,4.2,13750
2026-01,WA-UM-01,WA,Umbrella,Urban agency corridor,191151,178571,86992,48.7,18.7,67.4,88.8,202,5.1,8486
2026-02,WA-UM-01,WA,Umbrella,Urban agency corridor,186217,178210,90467,50.8,23.2,73.9,87.7,224,6.5,6176
2026-03,WA-UM-01,WA,Umbrella,Urban agency corridor,168635,165564,84695,51.2,20.1,71.3,88.3,155,5.3,10372
2025-04,WA-UM-02,WA,Umbrella,Rural farm belt,207491,200989,116200,57.8,18.8,76.6,82.9,176,7.7,8609
2025-05,WA-UM-02,WA,Umbrella,Rural farm belt,172642,162477,81497,50.2,20.0,70.2,82.5,219,4.5,8335
2025-06,WA-UM-02,WA,Umbrella,Rural farm belt,161583,154800,95563,61.7,21.5,83.2,85.5,120,7.9,10140
2025-07,WA-UM-02,WA,Umbrella,Rural farm belt,229135,211773,105695,49.9,24.0,73.9,85.7,188,4.8,11678
2025-08,WA-UM-02,WA,Umbrella,Rural farm belt,215668,207423,106077,51.1,18.6,69.8,82.5,162,4.8,13560
2025-09,WA-UM-02,WA,Umbrella,Rural farm belt,229006,231749,114195,49.3,23.6,72.8,82.0,204,4.9,11496
2025-10,WA-UM-02,WA,Umbrella,Rural farm belt,187286,178114,92471,51.9,20.5,72.4,81.5,164,6.4,8765
2025-11,WA-UM-02,WA,Umbrella,Rural farm belt,199754,201870,101361,50.2,22.9,73.1,85.4,156,5.8,11234
2025-12,WA-UM-02,WA,Umbrella,Rural farm belt,164601,154680,82579,53.4,23.1,76.4,84.5,180,4.7,9766
2026-01,WA-UM-02,WA,Umbrella,Rural farm belt,200537,199624,111224,55.7,21.2,76.9,86.1,178,5.2,11973
2026-02,WA-UM-02,WA,Umbrella,Rural farm belt,214907,216288,116436,53.8,19.4,73.2,80.9,209,6.0,9328
2026-03,WA-UM-02,WA,Umbrella,Rural farm belt,180567,167136,88673,53.1,20.4,73.4,83.2,215,4.6,9063
2025-04,WA-UM-03,WA,Umbrella,Wildland interface,186940,182347,126175,69.2,23.9,93.1,80.4,142,6.4,13816
2025-05,WA-UM-03,WA,Umbrella,Wildland interface,174569,168906,101109,59.9,18.9,78.7,78.4,125,6.5,12455
2025-06,WA-UM-03,WA,Umbrella,Wildland interface,213521,207213,128190,61.9,20.0,81.9,80.4,200,6.1,10478
2025-07,WA-UM-03,WA,Umbrella,Wildland interface,160929,154055,99274,64.4,21.0,85.4,79.8,135,5.6,13062
2025-08,WA-UM-03,WA,Umbrella,Wildland interface,209597,194211,117418,60.5,22.6,83.0,79.5,158,5.6,13254
2025-09,WA-UM-03,WA,Umbrella,Wildland interface,236304,238036,150310,63.1,22.0,85.1,78.6,244,5.1,12037
2025-10,WA-UM-03,WA,Umbrella,Wildland interface,217191,208329,136774,65.7,24.1,89.8,79.6,210,5.7,11367
2025-11,WA-UM-03,WA,Umbrella,Wildland interface,229890,226904,153525,67.7,22.9,90.6,81.9,207,6.3,11762
2025-12,WA-UM-03,WA,Umbrella,Wildland interface,192290,183864,106004,57.7,19.6,77.2,79.0,133,5.8,13729
2026-01,WA-UM-03,WA,Umbrella,Wildland interface,173629,162127,84185,51.9,23.6,75.5,78.4,129,4.4,14674
2026-02,WA-UM-03,WA,Umbrella,Wildland interface,241122,222743,127383,57.2,23.1,80.3,78.5,224,6.9,8265
2026-03,WA-UM-03,WA,Umbrella,Wildland interface,237206,236520,159183,67.3,19.5,86.8,80.4,233,6.2,11046
2025-04,WA-UM-04,WA,Umbrella,Mountain and hail belt,193731,184228,122423,66.5,21.3,87.8,83.8,187,5.4,12054
2025-05,WA-UM-04,WA,Umbrella,Mountain and hail belt,238100,230045,135876,59.1,20.8,79.9,81.9,165,5.1,16151
2025-06,WA-UM-04,WA,Umbrella,Mountain and hail belt,221905,207224,124392,60.0,22.3,82.4,84.0,186,7.5,8927
2025-07,WA-UM-04,WA,Umbrella,Mountain and hail belt,227595,228760,140048,61.2,23.1,84.3,80.4,169,7.4,11149
2025-08,WA-UM-04,WA,Umbrella,Mountain and hail belt,189116,191885,114218,59.5,21.2,80.7,80.9,254,7.7,5867
2025-09,WA-UM-04,WA,Umbrella,Mountain and hail belt,196598,185506,133369,71.9,20.7,92.6,78.9,135,6.1,16071
2025-10,WA-UM-04,WA,Umbrella,Mountain and hail belt,212398,212215,115389,54.4,20.2,74.6,83.7,175,6.6,9936
2025-11,WA-UM-04,WA,Umbrella,Mountain and hail belt,219192,211489,105522,49.9,19.0,68.9,80.3,162,4.9,13373
2025-12,WA-UM-04,WA,Umbrella,Mountain and hail belt,222664,216603,108880,50.3,20.2,70.5,80.6,282,5.2,7373
2026-01,WA-UM-04,WA,Umbrella,Mountain and hail belt,230685,222775,110718,49.7,23.9,73.6,82.3,298,4.9,7533
2026-02,WA-UM-04,WA,Umbrella,Mountain and hail belt,176206,164640,92185,56.0,22.2,78.2,80.2,161,5.2,11067
2026-03,WA-UM-04,WA,Umbrella,Mountain and hail belt,161330,164148,83746,51.0,21.7,72.7,81.8,116,5.0,14534
2025-04,OR-HO-01,OR,Home,Urban agency corridor,717292,716468,423496,59.1,30.9,90.0,82.4,335,5.3,23902
2025-05,OR-HO-01,OR,Home,Urban agency corridor,872292,806376,523033,64.9,31.4,96.2,79.7,375,6.6,21123
2025-06,OR-HO-01,OR,Home,Urban agency corridor,1051465,1033773,736060,71.2,26.9,98.1,83.3,581,7.9,15955
2025-07,OR-HO-01,OR,Home,Urban agency corridor,743926,699251,405005,57.9,32.1,90.0,81.8,292,5.7,24462
2025-08,OR-HO-01,OR,Home,Urban agency corridor,850029,846059,507925,60.0,28.6,88.7,83.4,376,6.6,20611
2025-09,OR-HO-01,OR,Home,Urban agency corridor,792335,758108,538596,71.0,31.0,102.0,84.0,447,5.7,20977
2025-10,OR-HO-01,OR,Home,Urban agency corridor,979504,949877,660544,69.5,29.6,99.2,83.5,455,8.8,16481
2025-11,OR-HO-01,OR,Home,Urban agency corridor,1037811,1040129,630208,60.6,28.4,89.0,79.1,517,6.7,18172
2025-12,OR-HO-01,OR,Home,Urban agency corridor,1044066,1005030,619361,61.6,28.6,90.2,78.9,446,6.7,20873
2026-01,OR-HO-01,OR,Home,Urban agency corridor,1247800,1182235,783582,66.3,32.2,98.5,79.1,596,7.1,18480
2026-02,OR-HO-01,OR,Home,Urban agency corridor,1156128,1142186,757962,66.4,27.4,93.7,82.3,531,8.6,16507
2026-03,OR-HO-01,OR,Home,Urban agency corridor,792017,790316,453362,57.4,28.8,86.2,82.1,406,5.3,21209
2025-04,OR-HO-02,OR,Home,Rural farm belt,897907,884398,563710,63.7,27.2,90.9,83.0,484,6.8,17240
2025-05,OR-HO-02,OR,Home,Rural farm belt,981371,928551,615492,66.3,29.2,95.5,84.6,588,5.5,19080
2025-06,OR-HO-02,OR,Home,Rural farm belt,953670,889072,699468,78.7,29.2,107.9,84.0,504,9.9,14005
2025-07,OR-HO-02,OR,Home,Rural farm belt,1051423,1056209,736244,69.7,28.6,98.3,79.0,563,5.8,22431
2025-08,OR-HO-02,OR,Home,Rural farm belt,1139971,1129918,904102,80.0,30.3,110.3,83.4,615,9.9,14894
2025-09,OR-HO-02,OR,Home,Rural farm belt,829650,774800,587506,75.8,26.7,102.5,81.9,462,6.6,19317
2025-10,OR-HO-02,OR,Home,Rural farm belt,1006710,987778,600552,60.8,28.4,89.2,84.6,475,6.0,21063
2025-11,OR-HO-02,OR,Home,Rural farm belt,1120103,1122717,653649,58.2,32.3,90.6,82.5,635,5.3,19273
2025-12,OR-HO-02,OR,Home,Rural farm belt,915902,923042,638879,69.2,30.3,99.6,79.7,390,7.2,22870
2026-01,OR-HO-02,OR,Home,Rural farm belt,1204126,1114468,632729,56.8,27.4,84.2,79.6,687,5.1,17920
2026-02,OR-HO-02,OR,Home,Rural farm belt,927488,940557,670414,71.3,31.6,102.9,80.1,474,7.0,20347
2026-03,OR-HO-02,OR,Home,Rural farm belt,821296,780463,518972,66.5,29.5,96.0,79.6,334,8.0,19327
2025-04,OR-HO-03,OR,Home,Wildland interface,1100004,1015125,725651,71.5,30.3,101.8,78.5,507,6.3,22695
2025-05,OR-HO-03,OR,Home,Wildland interface,912309,897620,739492,82.4,30.3,112.6,76.8,381,8.3,23359
2025-06,OR-HO-03,OR,Home,Wildland interface,1103813,1091118,881495,80.8,26.9,107.7,75.4,621,8.1,17432
2025-07,OR-HO-03,OR,Home,Wildland interface,821131,805255,658688,81.8,30.8,112.6,79.4,359,6.6,27762
2025-08,OR-HO-03,OR,Home,Wildland interface,790617,756663,647281,85.5,28.4,114.0,77.8,485,9.8,13635
2025-09,OR-HO-03,OR,Home,Wildland interface,778842,739138,593776,80.3,30.2,110.5,76.5,329,9.7,18644
2025-10,OR-HO-03,OR,Home,Wildland interface,896693,876758,668918,76.3,31.1,107.4,78.0,475,7.6,18447
2025-11,OR-HO-03,OR,Home,Wildland interface,892730,823380,699268,84.9,29.5,114.5,80.8,549,9.2,13895
2025-12,OR-HO-03,OR,Home,Wildland interface,769927,746436,610427,81.8,30.4,112.2,77.8,399,7.0,21955
2026-01,OR-HO-03,OR,Home,Wildland interface,964478,972431,760968,78.3,31.1,109.3,77.2,568,7.6,17722
2026-02,OR-HO-03,OR,Home,Wildland interface,851437,830425,558215,67.2,29.5,96.7,79.6,528,5.4,19574
2026-03,OR-HO-03,OR,Home,Wildland interface,1101887,1026827,877566,85.5,28.9,114.3,79.8,626,7.0,20003
2025-04,OR-HO-04,OR,Home,Mountain and hail belt,774436,738273,556559,75.4,29.2,104.6,77.3,400,8.2,16869
2025-05,OR-HO-04,OR,Home,Mountain and hail belt,1005836,941714,822214,87.3,30.9,118.2,75.5,575,7.5,19066
2025-06,OR-HO-04,OR,Home,Mountain and hail belt,973374,964491,740667,76.8,31.4,108.2,75.9,476,6.2,25124
2025-07,OR-HO-04,OR,Home,Mountain and hail belt,1004090,1003764,854757,85.2,30.6,115.8,73.8,558,6.9,22190
2025-08,OR-HO-04,OR,Home,Mountain and hail belt,1106782,1104143,903131,81.8,30.8,112.6,77.2,763,7.7,15405
2025-09,OR-HO-04,OR,Home,Mountain and hail belt,1033898,1038154,748916,72.1,30.6,102.7,73.9,443,9.0,18864
2025-10,OR-HO-04,OR,Home,Mountain and hail belt,745318,709072,493408,69.6,30.6,100.2,76.1,331,5.7,25926
2025-11,OR-HO-04,OR,Home,Mountain and hail belt,1171268,1163753,760631,65.4,27.3,92.7,74.9,716,6.0,17572
2025-12,OR-HO-04,OR,Home,Mountain and hail belt,1005759,956854,626150,65.4,32.0,97.4,75.7,577,5.8,18839
2026-01,OR-HO-04,OR,Home,Mountain and hail belt,1109329,1091946,809118,74.1,30.2,104.3,74.8,712,7.2,15782
2026-02,OR-HO-04,OR,Home,Mountain and hail belt,866616,881601,596651,67.7,28.2,95.9,74.9,427,7.4,18758
2026-03,OR-HO-04,OR,Home,Mountain and hail belt,934311,946803,743775,78.6,28.1,106.7,74.4,466,8.4,19095
2025-04,OR-AU-01,OR,Auto,Urban agency corridor,655832,650201,416967,64.1,25.2,89.3,76.4,361,7.5,15328
2025-05,OR-AU-01,OR,Auto,Urban agency corridor,752538,762548,554615,72.7,23.3,96.1,78.5,396,8.3,16777
2025-06,OR-AU-01,OR,Auto,Urban agency corridor,805930,784254,575423,73.4,22.8,96.2,77.3,377,9.2,16648
2025-07,OR-AU-01,OR,Auto,Urban agency corridor,848588,781140,565650,72.4,28.1,100.5,77.3,335,6.1,27729
2025-08,OR-AU-01,OR,Auto,Urban agency corridor,743476,698827,553747,79.2,24.4,103.7,78.7,304,10.0,18269
2025-09,OR-AU-01,OR,Auto,Urban agency corridor,784549,763770,559208,73.2,28.1,101.3,80.3,526,6.1,17296
2025-10,OR-AU-01,OR,Auto,Urban agency corridor,637688,645317,489431,75.8,24.9,100.7,77.8,277,6.2,28680
2025-11,OR-AU-01,OR,Auto,Urban agency corridor,928704,935831,521772,55.8,25.9,81.7,75.5,393,6.2,21247
2025-12,OR-AU-01,OR,Auto,Urban agency corridor,958510,933905,586401,62.8,28.1,90.9,80.0,522,7.4,15143
2026-01,OR-AU-01,OR,Auto,Urban agency corridor,624674,584850,359930,61.5,24.0,85.6,76.0,278,5.4,24096
2026-02,OR-AU-01,OR,Auto,Urban agency corridor,805681,802239,457747,57.1,27.6,84.7,80.2,364,5.7,22208
2026-03,OR-AU-01,OR,Auto,Urban agency corridor,621861,613731,361574,58.9,23.3,82.3,76.8,399,6.7,13542
2025-04,OR-AU-02,OR,Auto,Rural farm belt,554504,546390,421968,77.2,22.9,100.1,76.3,340,8.1,15310
2025-05,OR-AU-02,OR,Auto,Rural farm belt,739227,746259,596775,80.0,24.4,104.3,76.3,323,8.9,20736
2025-06,OR-AU-02,OR,Auto,Rural farm belt,785424,739801,529501,71.6,23.4,95.0,80.1,380,7.5,18649
2025-07,OR-AU-02,OR,Auto,Rural farm belt,765801,740593,588970,79.5,26.5,106.0,76.9,482,7.1,17322
2025-08,OR-AU-02,OR,Auto,Rural farm belt,892245,828171,639435,77.2,26.7,103.9,76.0,436,9.9,14833
2025-09,OR-AU-02,OR,Auto,Rural farm belt,774531,751720,583437,77.6,23.4,101.0,77.5,406,9.6,14963
2025-10,OR-AU-02,OR,Auto,Rural farm belt,648957,634884,421533,66.4,25.6,92.0,80.4,358,6.6,17852
2025-11,OR-AU-02,OR,Auto,Rural farm belt,749075,693474,489140,70.5,27.3,97.9,79.9,406,6.1,19783
2025-12,OR-AU-02,OR,Auto,Rural farm belt,864821,845649,517223,61.2,24.6,85.7,75.9,353,5.0,29162
2026-01,OR-AU-02,OR,Auto,Rural farm belt,607774,615905,371000,60.2,25.0,85.2,80.2,289,4.9,26409
2026-02,OR-AU-02,OR,Auto,Rural farm belt,836112,804370,629170,78.2,24.8,103.0,80.8,350,8.3,21553
2026-03,OR-AU-02,OR,Auto,Rural farm belt,855438,843615,606722,71.9,26.4,98.3,77.7,579,7.1,14842
2025-04,OR-AU-03,OR,Auto,Wildland interface,659769,651423,566175,86.9,25.7,112.6,73.3,424,9.4,14182
2025-05,OR-AU-03,OR,Auto,Wildland interface,655478,664485,618922,93.1,23.2,116.3,73.2,383,8.2,19657
2025-06,OR-AU-03,OR,Auto,Wildland interface,885386,815941,701569,86.0,23.1,109.1,68.5,421,7.8,21351
2025-07,OR-AU-03,OR,Auto,Wildland interface,578742,575301,519568,90.3,23.9,114.2,69.6,256,11.6,17489
2025-08,OR-AU-03,OR,Auto,Wildland interface,753420,714940,693188,97.0,26.9,123.8,70.2,368,8.9,21104
2025-09,OR-AU-03,OR,Auto,Wildland interface,688674,654361,540969,82.7,26.5,109.1,69.6,410,10.6,12456
2025-10,OR-AU-03,OR,Auto,Wildland interface,931736,939163,878324,93.5,26.3,119.8,70.9,516,7.6,22499
2025-11,OR-AU-03,OR,Auto,Wildland interface,934655,922630,814490,88.3,24.4,112.7,70.8,649,9.4,13338
2025-12,OR-AU-03,OR,Auto,Wildland interface,868137,839794,732653,87.2,24.3,111.5,72.6,385,7.2,26336
2026-01,OR-AU-03,OR,Auto,Wildland interface,798884,812288,659471,81.2,23.3,104.5,69.8,547,7.6,15939
2026-02,OR-AU-03,OR,Auto,Wildland interface,943785,948234,698073,73.6,26.8,100.5,69.5,608,6.8,16950
2026-03,OR-AU-03,OR,Auto,Wildland interface,824160,830228,643606,77.5,27.1,104.6,72.7,438,7.8,18760
2025-04,OR-AU-04,OR,Auto,Mountain and hail belt,903267,841603,765753,91.0,25.4,116.4,75.6,432,10.7,16603
2025-05,OR-AU-04,OR,Auto,Mountain and hail belt,891540,869437,780661,89.8,24.8,114.6,77.3,522,10.2,14670
2025-06,OR-AU-04,OR,Auto,Mountain and hail belt,747610,724978,577664,79.7,28.4,108.1,77.0,327,6.6,26764
2025-07,OR-AU-04,OR,Auto,Mountain and hail belt,699085,672095,596755,88.8,23.8,112.6,75.0,433,7.3,18896
2025-08,OR-AU-04,OR,Auto,Mountain and hail belt,781711,751817,606330,80.6,24.5,105.1,76.4,340,8.1,22105
2025-09,OR-AU-04,OR,Auto,Mountain and hail belt,814989,805604,648204,80.5,27.4,107.9,79.9,405,8.1,19798
2025-10,OR-AU-04,OR,Auto,Mountain and hail belt,634813,634494,482482,76.0,26.8,102.9,77.1,275,7.4,23559
2025-11,OR-AU-04,OR,Auto,Mountain and hail belt,819899,759122,537225,70.8,27.6,98.3,79.8,376,6.3,22858
2025-12,OR-AU-04,OR,Auto,Mountain and hail belt,736430,739563,534341,72.3,26.7,99.0,74.2,403,7.7,17188
2026-01,OR-AU-04,OR,Auto,Mountain and hail belt,820363,809432,634780,78.4,25.4,103.8,77.1,643,7.6,12913
2026-02,OR-AU-04,OR,Auto,Mountain and hail belt,589071,573132,418561,73.0,28.4,101.4,74.2,262,6.7,23779
2026-03,OR-AU-04,OR,Auto,Mountain and hail belt,903815,913736,658682,72.1,23.1,95.2,75.0,621,7.1,14909
2025-04,OR-FR-01,OR,Farm and Ranch,Urban agency corridor,538289,548529,361774,66.0,29.6,95.6,86.5,274,5.6,23605
2025-05,OR-FR-01,OR,Farm and Ranch,Urban agency corridor,592666,550794,391950,71.2,28.8,100.0,81.8,436,8.5,10557
2025-06,OR-FR-01,OR,Farm and Ranch,Urban agency corridor,527777,508455,408002,80.2,28.9,109.1,86.6,373,7.9,13823
2025-07,OR-FR-01,OR,Farm and Ranch,Urban agency corridor,409585,385478,317658,82.4,30.8,113.2,84.3,295,10.5,10286
2025-08,OR-FR-01,OR,Farm and Ranch,Urban agency corridor,647975,654410,499105,76.3,25.7,102.0,87.0,406,6.2,19838
2025-09,OR-FR-01,OR,Farm and Ranch,Urban agency corridor,560910,558232,430748,77.2,27.9,105.1,81.9,388,8.9,12520
2025-10,OR-FR-01,OR,Farm and Ranch,Urban agency corridor,631235,605301,472289,78.0,27.5,105.5,86.0,429,6.3,17556
2025-11,OR-FR-01,OR,Farm and Ranch,Urban agency corridor,604959,586859,451762,77.0,25.8,102.8,84.1,265,8.4,20381
2025-12,OR-FR-01,OR,Farm and Ranch,Urban agency corridor,620826,630440,408474,64.8,30.1,94.9,81.6,403,5.2,19497
2026-01,OR-FR-01,OR,Farm and Ranch,Urban agency corridor,547872,523536,387084,73.9,28.1,102.0,85.5,260,9.3,15965
2026-02,OR-FR-01,OR,Farm and Ranch,Urban agency corridor,586531,586417,413349,70.5,26.0,96.5,82.4,283,6.6,22109
2026-03,OR-FR-01,OR,Farm and Ranch,Urban agency corridor,623663,593520,364183,61.4,25.5,86.9,83.3,356,6.9,14753
2025-04,OR-FR-02,OR,Farm and Ranch,Rural farm belt,397854,380106,269279,70.8,29.1,99.9,81.9,224,7.9,15203
2025-05,OR-FR-02,OR,Farm and Ranch,Rural farm belt,495150,459732,404975,88.1,30.9,119.0,85.9,240,10.6,15991
2025-06,OR-FR-02,OR,Farm and Ranch,Rural farm belt,496338,463523,367418,79.3,28.5,107.7,80.4,264,8.3,16865
2025-07,OR-FR-02,OR,Farm and Ranch,Rural farm belt,526862,488766,386615,79.1,27.0,106.1,83.7,252,9.3,16443
2025-08,OR-FR-02,OR,Farm and Ranch,Rural farm belt,429290,408025,370996,90.9,27.5,118.4,83.7,187,9.9,19960
2025-09,OR-FR-02,OR,Farm and Ranch,Rural farm belt,493102,493866,431342,87.3,31.3,118.7,80.8,305,7.1,19814
2025-10,OR-FR-02,OR,Farm and Ranch,Rural farm belt,459871,437529,378596,86.5,31.3,117.8,81.7,213,8.7,20449
2025-11,OR-FR-02,OR,Farm and Ranch,Rural farm belt,564627,533145,390454,73.2,30.4,103.6,82.3,386,7.1,14253
2025-12,OR-FR-02,OR,Farm and Ranch,Rural farm belt,572457,557896,428245,76.8,28.8,105.6,85.7,313,7.0,19681
2026-01,OR-FR-02,OR,Farm and Ranch,Rural farm belt,533519,506380,386051,76.2,30.4,106.7,84.8,294,7.6,17218
2026-02,OR-FR-02,OR,Farm and Ranch,Rural farm belt,590606,557652,425744,76.3,29.8,106.1,84.7,417,6.1,16654
2026-03,OR-FR-02,OR,Farm and Ranch,Rural farm belt,551145,529144,399959,75.6,31.0,106.6,84.1,282,6.6,21491
2025-04,OR-FR-03,OR,Farm and Ranch,Wildland interface,591453,583031,516928,88.7,29.4,118.0,74.9,244,8.1,26015
2025-05,OR-FR-03,OR,Farm and Ranch,Wildland interface,498250,495893,509849,102.8,28.1,130.9,74.7,320,10.2,15579
2025-06,OR-FR-03,OR,Farm and Ranch,Wildland interface,532775,521082,511174,98.1,28.2,126.3,77.0,243,9.4,22394
2025-07,OR-FR-03,OR,Farm and Ranch,Wildland interface,531173,507003,451400,89.0,26.1,115.2,77.1,215,11.0,19055
2025-08,OR-FR-03,OR,Farm and Ranch,Wildland interface,652007,609084,568631,93.4,28.2,121.6,75.9,337,9.4,17858
2025-09,OR-FR-03,OR,Farm and Ranch,Wildland interface,520900,515523,470012,91.2,27.3,118.5,79.5,372,7.8,16278
2025-10,OR-FR-03,OR,Farm and Ranch,Wildland interface,580761,573626,488903,85.2,31.4,116.6,76.1,395,10.3,12054
2025-11,OR-FR-03,OR,Farm and Ranch,Wildland interface,560267,569145,474017,83.3,27.9,111.2,75.7,286,8.6,19225
2025-12,OR-FR-03,OR,Farm and Ranch,Wildland interface,418405,410627,329944,80.4,29.1,109.4,77.0,199,9.4,17599
2026-01,OR-FR-03,OR,Farm and Ranch,Wildland interface,619905,620446,478234,77.1,26.1,103.2,79.9,423,8.4,13392
2026-02,OR-FR-03,OR,Farm and Ranch,Wildland interface,541941,512803,473456,92.3,28.7,121.0,78.5,264,8.7,20505
2026-03,OR-FR-03,OR,Farm and Ranch,Wildland interface,581155,554883,523431,94.3,29.2,123.5,79.5,269,10.5,18538
2025-04,OR-FR-04,OR,Farm and Ranch,Mountain and hail belt,438723,434048,378051,87.1,28.0,115.1,77.8,256,10.3,14291
2025-05,OR-FR-04,OR,Farm and Ranch,Mountain and hail belt,560120,554151,512730,92.5,31.5,124.0,80.3,305,11.3,14901
2025-06,OR-FR-04,OR,Farm and Ranch,Mountain and hail belt,478880,462168,388575,84.1,27.7,111.7,77.0,328,7.3,16311
2025-07,OR-FR-04,OR,Farm and Ranch,Mountain and hail belt,654207,634936,589391,92.8,29.6,122.4,79.5,286,9.3,22075
2025-08,OR-FR-04,OR,Farm and Ranch,Mountain and hail belt,422798,390279,377831,96.8,27.3,124.1,78.6,208,11.6,15651
2025-09,OR-FR-04,OR,Farm and Ranch,Mountain and hail belt,526048,523025,495290,94.7,28.8,123.5,77.7,378,8.3,15740
2025-10,OR-FR-04,OR,Farm and Ranch,Mountain and hail belt,628162,600953,557150,92.7,25.7,118.5,81.3,319,7.4,23452
2025-11,OR-FR-04,OR,Farm and Ranch,Mountain and hail belt,435848,437158,386542,88.4,27.3,115.7,83.0,247,9.6,16359
2025-12,OR-FR-04,OR,Farm and Ranch,Mountain and hail belt,633884,611005,553495,90.6,30.2,120.7,78.4,279,8.7,22863
2026-01,OR-FR-04,OR,Farm and Ranch,Mountain and hail belt,509347,504801,420402,83.3,26.5,109.8,77.8,339,9.8,12709
2026-02,OR-FR-04,OR,Farm and Ranch,Mountain and hail belt,431703,412311,320596,77.8,28.7,106.5,78.9,200,8.7,18444
2026-03,OR-FR-04,OR,Farm and Ranch,Mountain and hail belt,492141,494996,458545,92.6,29.6,122.2,77.6,209,8.1,27067
2025-04,OR-UM-01,OR,Umbrella,Urban agency corridor,160477,159055,85631,53.8,23.1,76.9,89.8,149,5.2,11088
2025-05,OR-UM-01,OR,Umbrella,Urban agency corridor,163230,156933,76431,48.7,22.3,71.0,91.0,196,4.8,8069
2025-06,OR-UM-01,OR,Umbrella,Urban agency corridor,165119,167370,81029,48.4,24.2,72.6,87.7,227,4.3,8384
2025-07,OR-UM-01,OR,Umbrella,Urban agency corridor,208593,207152,104532,50.5,22.5,72.9,87.9,266,5.0,7922
2025-08,OR-UM-01,OR,Umbrella,Urban agency corridor,161466,155486,70875,45.6,20.1,65.7,90.7,161,4.4,10034
2025-09,OR-UM-01,OR,Umbrella,Urban agency corridor,195382,189234,88475,46.8,22.6,69.3,86.0,235,4.1,9196
2025-10,OR-UM-01,OR,Umbrella,Urban agency corridor,186420,173822,94494,54.4,21.1,75.5,85.7,125,6.4,11836
2025-11,OR-UM-01,OR,Umbrella,Urban agency corridor,209452,195459,95740,49.0,19.5,68.4,91.3,212,4.5,9932
2025-12,OR-UM-01,OR,Umbrella,Urban agency corridor,168511,161296,84436,52.3,19.5,71.8,88.1,171,4.8,10373
2026-01,OR-UM-01,OR,Umbrella,Urban agency corridor,167934,165507,79951,48.3,18.5,66.8,88.6,200,5.6,7142
2026-02,OR-UM-01,OR,Umbrella,Urban agency corridor,212350,195559,95043,48.6,23.4,72.0,91.7,191,6.0,8356
2026-03,OR-UM-01,OR,Umbrella,Urban agency corridor,153907,147490,74388,50.4,19.1,69.6,87.6,110,6.2,10975
2025-04,OR-UM-02,OR,Umbrella,Rural farm belt,186234,171493,95201,55.5,21.1,76.7,85.0,147,6.7,9633
2025-05,OR-UM-02,OR,Umbrella,Rural farm belt,176426,174425,106583,61.1,19.0,80.1,81.3,140,5.8,13017
2025-06,OR-UM-02,OR,Umbrella,Rural farm belt,174944,177800,93549,52.6,19.3,72.0,82.3,224,5.1,8149
2025-07,OR-UM-02,OR,Umbrella,Rural farm belt,196194,192419,118263,61.5,22.6,84.1,85.8,162,6.8,10700
2025-08,OR-UM-02,OR,Umbrella,Rural farm belt,189657,184148,111253,60.4,20.3,80.7,81.0,137,4.9,16497
2025-09,OR-UM-02,OR,Umbrella,Rural farm belt,188643,175679,95954,54.6,22.1,76.7,83.8,125,4.4,17476
2025-10,OR-UM-02,OR,Umbrella,Rural farm belt,231545,216078,128150,59.3,21.9,81.2,82.9,180,5.2,13581
2025-11,OR-UM-02,OR,Umbrella,Rural farm belt,234895,234199,99066,42.3,18.9,61.2,82.2,307,5.4,5952
2025-12,OR-UM-02,OR,Umbrella,Rural farm belt,220392,213926,111212,52.0,21.5,73.5,83.2,176,6.6,9617
2026-01,OR-UM-02,OR,Umbrella,Rural farm belt,197221,193593,87466,45.2,20.4,65.5,83.7,221,3.9,10109
2026-02,OR-UM-02,OR,Umbrella,Rural farm belt,198363,190244,99096,52.1,23.5,75.6,84.8,243,4.7,8607
2026-03,OR-UM-02,OR,Umbrella,Rural farm belt,218487,219502,94477,43.0,19.0,62.1,83.3,210,4.1,11021
2025-04,OR-UM-03,OR,Umbrella,Wildland interface,201917,189072,131907,69.8,21.6,91.4,84.4,154,8.4,10233
2025-05,OR-UM-03,OR,Umbrella,Wildland interface,150145,149861,89273,59.6,23.8,83.4,84.4,198,5.2,8731
2025-06,OR-UM-03,OR,Umbrella,Wildland interface,164539,152427,105338,69.1,22.0,91.1,80.2,146,7.4,9710
2025-07,OR-UM-03,OR,Umbrella,Wildland interface,186814,182459,115811,63.5,20.0,83.5,80.4,162,5.7,12517
2025-08,OR-UM-03,OR,Umbrella,Wildland interface,162460,157730,90029,57.1,23.7,80.8,81.2,149,6.1,9967
2025-09,OR-UM-03,OR,Umbrella,Wildland interface,156038,158084,110924,70.2,21.8,92.0,85.2,127,7.3,11946
2025-10,OR-UM-03,OR,Umbrella,Wildland interface,173313,166662,109291,65.6,20.1,85.7,80.2,168,6.6,9930
2025-11,OR-UM-03,OR,Umbrella,Wildland interface,229870,215603,140073,65.0,24.4,89.4,85.5,275,6.6,7703
2025-12,OR-UM-03,OR,Umbrella,Wildland interface,171584,172353,94498,54.8,21.8,76.6,79.8,197,5.3,9028
2026-01,OR-UM-03,OR,Umbrella,Wildland interface,174690,171593,97326,56.7,22.1,78.8,82.7,136,6.7,10696
2026-02,OR-UM-03,OR,Umbrella,Wildland interface,233825,232901,124250,53.3,18.5,71.9,82.2,260,5.8,8270
2026-03,OR-UM-03,OR,Umbrella,Wildland interface,229227,230996,156171,67.6,18.5,86.1,83.7,176,6.1,14616
2025-04,OR-UM-04,OR,Umbrella,Mountain and hail belt,229016,226993,116567,51.4,24.0,75.4,83.1,208,4.7,12009
2025-05,OR-UM-04,OR,Umbrella,Mountain and hail belt,172807,175823,93583,53.2,19.1,72.3,78.6,136,6.8,10180
2025-06,OR-UM-04,OR,Umbrella,Mountain and hail belt,192010,185001,130483,70.5,19.9,90.5,79.3,195,6.1,10914
2025-07,OR-UM-04,OR,Umbrella,Mountain and hail belt,205603,204274,121423,59.4,20.1,79.6,78.2,234,5.2,9952
2025-08,OR-UM-04,OR,Umbrella,Mountain and hail belt,195951,183320,102904,56.1,21.3,77.4,80.2,166,4.6,13609
2025-09,OR-UM-04,OR,Umbrella,Mountain and hail belt,161480,153540,86700,56.5,19.2,75.7,78.7,128,4.9,13953
2025-10,OR-UM-04,OR,Umbrella,Mountain and hail belt,208995,193118,124996,64.7,20.5,85.2,78.3,213,7.0,8413
2025-11,OR-UM-04,OR,Umbrella,Mountain and hail belt,192691,190325,99621,52.3,24.4,76.8,77.9,188,5.4,9882
2025-12,OR-UM-04,OR,Umbrella,Mountain and hail belt,216424,204518,111459,54.5,23.3,77.8,78.6,275,4.7,8665
2026-01,OR-UM-04,OR,Umbrella,Mountain and hail belt,240411,224321,135640,60.5,20.7,81.2,81.5,191,5.8,12228
2026-02,OR-UM-04,OR,Umbrella,Mountain and hail belt,171325,171543,79895,46.6,18.9,65.5,83.2,165,5.7,8467
2026-03,OR-UM-04,OR,Umbrella,Mountain and hail belt,235645,236336,126741,53.6,18.8,72.4,80.5,278,5.2,8815
2025-04,ID-HO-01,ID,Home,Urban agency corridor,795584,746827,423963,56.8,31.8,88.6,78.5,380,6.5,17155
2025-05,ID-HO-01,ID,Home,Urban agency corridor,838051,805534,513400,63.7,26.9,90.6,79.9,572,7.5,11967
2025-06,ID-HO-01,ID,Home,Urban agency corridor,1120148,1089435,726716,66.7,31.3,98.0,83.0,456,5.8,27259
2025-07,ID-HO-01,ID,Home,Urban agency corridor,878637,856189,553412,64.6,32.0,96.6,81.3,504,7.7,14268
2025-08,ID-HO-01,ID,Home,Urban agency corridor,864858,814611,582251,71.5,31.2,102.6,78.6,340,7.0,24312
2025-09,ID-HO-01,ID,Home,Urban agency corridor,1084386,1106031,789191,71.4,27.1,98.5,82.2,710,6.2,18041
2025-10,ID-HO-01,ID,Home,Urban agency corridor,1163300,1076740,750124,69.7,27.8,97.5,83.3,496,7.5,20132
2025-11,ID-HO-01,ID,Home,Urban agency corridor,1132479,1137600,600771,52.8,30.1,82.9,83.1,554,4.4,24785
2025-12,ID-HO-01,ID,Home,Urban agency corridor,744244,736844,480173,65.2,29.9,95.0,81.6,502,5.2,18260
2026-01,ID-HO-01,ID,Home,Urban agency corridor,1166721,1130812,600608,53.1,29.4,82.6,78.8,745,6.2,13045
2026-02,ID-HO-01,ID,Home,Urban agency corridor,998558,918742,593804,64.6,27.7,92.3,79.0,442,5.3,25138
2026-03,ID-HO-01,ID,Home,Urban agency corridor,1161925,1106569,553672,50.0,30.0,80.1,83.8,516,4.3,25160
2025-04,ID-HO-02,ID,Home,Rural farm belt,742838,705827,426385,60.4,27.4,87.9,84.0,326,4.9,26638
2025-05,ID-HO-02,ID,Home,Rural farm belt,1003352,940562,730807,77.7,30.7,108.4,83.9,436,9.0,18587
2025-06,ID-HO-02,ID,Home,Rural farm belt,981247,919953,620731,67.5,30.6,98.1,79.1,440,5.5,25600
2025-07,ID-HO-02,ID,Home,Rural farm belt,1157281,1110018,893199,80.5,32.3,112.8,78.5,571,6.6,23532
2025-08,ID-HO-02,ID,Home,Rural farm belt,1173286,1105340,797296,72.1,32.1,104.3,79.2,524,8.3,18331
2025-09,ID-HO-02,ID,Home,Rural farm belt,1187492,1112430,847642,76.2,27.0,103.2,82.6,560,6.4,23705
2025-10,ID-HO-02,ID,Home,Rural farm belt,936811,886711,553706,62.4,26.9,89.4,79.9,645,8.3,10319
2025-11,ID-HO-02,ID,Home,Rural farm belt,913032,906876,662824,73.1,31.8,104.9,81.3,538,7.1,17244
2025-12,ID-HO-02,ID,Home,Rural farm belt,779904,754907,524720,69.5,30.4,99.9,82.5,525,8.8,11314
2026-01,ID-HO-02,ID,Home,Rural farm belt,1149151,1091109,644555,59.1,32.2,91.3,78.8,754,6.3,13570
2026-02,ID-HO-02,ID,Home,Rural farm belt,1099839,1072018,751713,70.1,27.1,97.2,81.9,548,7.1,19394
2026-03,ID-HO-02,ID,Home,Rural farm belt,758824,769633,451119,58.6,31.8,90.5,79.3,563,6.9,11658
2025-04,ID-HO-03,ID,Home,Wildland interface,826581,780090,546424,70.0,29.9,100.0,79.1,546,7.5,13293
2025-05,ID-HO-03,ID,Home,Wildland interface,899909,854423,715746,83.8,30.1,113.9,75.2,667,10.0,10702
2025-06,ID-HO-03,ID,Home,Wildland interface,841671,781234,695437,89.0,28.4,117.4,76.4,431,8.2,19586
2025-07,ID-HO-03,ID,Home,Wildland interface,751989,732747,570673,77.9,31.8,109.7,76.2,415,8.8,15567
2025-08,ID-HO-03,ID,Home,Wildland interface,934365,880755,692838,78.7,26.9,105.5,78.5,436,9.9,16016
2025-09,ID-HO-03,ID,Home,Wildland interface,882012,859207,767494,89.3,30.0,119.4,77.4,387,7.7,25736
2025-10,ID-HO-03,ID,Home,Wildland interface,923337,898916,761893,84.8,29.3,114.1,79.3,500,10.7,14193
2025-11,ID-HO-03,ID,Home,Wildland interface,1163248,1153279,870614,75.5,31.9,107.4,78.8,568,7.1,21525
2025-12,ID-HO-03,ID,Home,Wildland interface,789086,785707,531040,67.6,32.4,100.0,79.9,360,8.3,17746
2026-01,ID-HO-03,ID,Home,Wildland interface,942231,959971,687235,71.6,32.5,104.1,77.8,434,8.1,19441
2026-02,ID-HO-03,ID,Home,Wildland interface,1187955,1201518,789180,65.7,28.8,94.5,76.4,739,7.4,14439
2026-03,ID-HO-03,ID,Home,Wildland interface,970544,977675,788107,80.6,30.2,110.8,77.2,564,8.4,16593
2025-04,ID-HO-04,ID,Home,Mountain and hail belt,957032,890135,628162,70.6,29.7,100.3,80.6,516,7.5,16242
2025-05,ID-HO-04,ID,Home,Mountain and hail belt,926977,909268,624337,68.7,28.2,96.8,79.4,466,6.3,21402
2025-06,ID-HO-04,ID,Home,Mountain and hail belt,722815,729290,553074,75.8,27.9,103.8,83.0,315,6.3,27748
2025-07,ID-HO-04,ID,Home,Mountain and hail belt,718479,719728,547094,76.0,28.2,104.2,81.5,350,9.5,16433
2025-08,ID-HO-04,ID,Home,Mountain and hail belt,1126388,1051414,919003,87.4,29.2,116.6,83.5,674,9.1,14950
2025-09,ID-HO-04,ID,Home,Mountain and hail belt,1026366,963546,691771,71.8,31.4,103.2,83.0,453,6.1,25175
2025-10,ID-HO-04,ID,Home,Mountain and hail belt,1116984,1085180,740973,68.3,28.4,96.6,81.6,771,5.8,16547
2025-11,ID-HO-04,ID,Home,Mountain and hail belt,1151897,1063080,705031,66.3,31.5,97.8,83.6,691,6.8,15050
2025-12,ID-HO-04,ID,Home,Mountain and hail belt,1177594,1166363,768638,65.9,31.4,97.3,81.6,588,8.1,16106
2026-01,ID-HO-04,ID,Home,Mountain and hail belt,749798,717742,509403,71.0,27.6,98.5,83.8,372,7.7,17845
2026-02,ID-HO-04,ID,Home,Mountain and hail belt,819718,827463,616047,74.5,30.6,105.1,80.3,488,9.0,14098
2026-03,ID-HO-04,ID,Home,Mountain and hail belt,1027097,1044036,817250,78.3,30.4,108.7,82.6,669,8.2,14900
2025-04,ID-AU-01,ID,Auto,Urban agency corridor,772660,757295,429989,56.8,24.0,80.8,82.8,472,4.6,19791
2025-05,ID-AU-01,ID,Auto,Urban agency corridor,775778,746594,490256,65.7,24.6,90.3,79.5,417,6.0,19490
2025-06,ID-AU-01,ID,Auto,Urban agency corridor,846705,812595,506951,62.4,25.6,88.0,81.9,366,6.7,20806
2025-07,ID-AU-01,ID,Auto,Urban agency corridor,787032,772004,513565,66.5,23.1,89.7,78.3,323,6.2,25581
2025-08,ID-AU-01,ID,Auto,Urban agency corridor,870793,823870,604265,73.3,27.9,101.2,79.8,579,6.5,16118
2025-09,ID-AU-01,ID,Auto,Urban agency corridor,890235,890719,653179,73.3,26.1,99.4,81.9,438,6.6,22586
2025-10,ID-AU-01,ID,Auto,Urban agency corridor,804422,820307,502822,61.3,25.0,86.3,80.3,635,5.6,14262
2025-11,ID-AU-01,ID,Auto,Urban agency corridor,777938,730477,492657,67.4,23.8,91.3,81.2,339,5.6,25928
2025-12,ID-AU-01,ID,Auto,Urban agency corridor,820266,796258,540873,67.9,27.5,95.5,83.2,546,8.5,11649
2026-01,ID-AU-01,ID,Auto,Urban agency corridor,618472,584991,389917,66.7,27.1,93.7,79.1,287,7.3,18708
2026-02,ID-AU-01,ID,Auto,Urban agency corridor,607339,580330,383628,66.1,24.3,90.4,82.7,355,7.5,14390
2026-03,ID-AU-01,ID,Auto,Urban agency corridor,689589,693120,435522,62.8,27.7,90.5,81.5,296,8.0,18396
2025-04,ID-AU-02,ID,Auto,Rural farm belt,559178,562211,370113,65.8,23.7,89.5,76.3,295,5.5,22933
2025-05,ID-AU-02,ID,Auto,Rural farm belt,708738,674462,531063,78.7,27.2,105.9,76.8,341,9.4,16583
2025-06,ID-AU-02,ID,Auto,Rural farm belt,777560,715721,519675,72.6,27.1,99.7,74.9,336,7.3,21190
2025-07,ID-AU-02,ID,Auto,Rural farm belt,829631,770565,611944,79.4,26.3,105.7,76.3,326,8.4,22258
2025-08,ID-AU-02,ID,Auto,Rural farm belt,567032,532977,396540,74.4,22.6,97.0,75.8,241,8.8,18694
2025-09,ID-AU-02,ID,Auto,Rural farm belt,807529,793534,558137,70.3,26.7,97.0,75.9,567,7.5,13180
2025-10,ID-AU-02,ID,Auto,Rural farm belt,779518,730176,570913,78.2,24.3,102.5,75.6,349,7.5,21930
2025-11,ID-AU-02,ID,Auto,Rural farm belt,690006,696076,548370,78.8,24.6,103.3,79.3,418,9.3,14058
2025-12,ID-AU-02,ID,Auto,Rural farm belt,924586,935515,620194,66.3,23.9,90.2,78.2,667,5.9,15667
2026-01,ID-AU-02,ID,Auto,Rural farm belt,793895,743799,483192,65.0,26.4,91.4,74.1,329,7.4,19847
2026-02,ID-AU-02,ID,Auto,Rural farm belt,777558,719132,553282,76.9,26.5,103.4,77.8,565,7.0,13936
2026-03,ID-AU-02,ID,Auto,Rural farm belt,736761,705836,499116,70.7,25.3,96.1,74.8,344,6.6,21855
2025-04,ID-AU-03,ID,Auto,Wildland interface,589079,590885,457139,77.4,26.8,104.2,72.4,427,9.6,11114
2025-05,ID-AU-03,ID,Auto,Wildland interface,614994,578079,480571,83.1,25.6,108.8,72.9,280,9.3,18533
2025-06,ID-AU-03,ID,Auto,Wildland interface,560778,543750,458250,84.3,28.1,112.4,73.7,433,7.8,13635
2025-07,ID-AU-03,ID,Auto,Wildland interface,882157,885265,826506,93.4,23.4,116.8,72.3,481,8.4,20462
2025-08,ID-AU-03,ID,Auto,Wildland interface,590471,558343,472907,84.7,28.4,113.1,73.5,312,10.6,14315
2025-09,ID-AU-03,ID,Auto,Wildland interface,621280,574029,480053,83.6,27.3,110.9,73.6,273,10.5,16769
2025-10,ID-AU-03,ID,Auto,Wildland interface,842789,779234,707644,90.8,26.5,117.3,72.8,469,9.4,16097
2025-11,ID-AU-03,ID,Auto,Wildland interface,796622,802873,595959,74.2,27.4,101.6,72.8,469,6.0,21076
2025-12,ID-AU-03,ID,Auto,Wildland interface,669181,641458,549912,85.7,27.3,113.0,75.6,296,10.6,17478
2026-01,ID-AU-03,ID,Auto,Wildland interface,834347,772492,668962,86.6,23.5,110.1,74.2,400,7.5,22231
2026-02,ID-AU-03,ID,Auto,Wildland interface,832457,780949,603297,77.3,24.7,101.9,71.9,383,6.6,23842
2026-03,ID-AU-03,ID,Auto,Wildland interface,950731,887094,790598,89.1,23.2,112.3,74.2,680,10.1,11491
2025-04,ID-AU-04,ID,Auto,Mountain and hail belt,743026,756244,631425,83.5,24.5,108.0,75.9,367,10.5,16436
2025-05,ID-AU-04,ID,Auto,Mountain and hail belt,782647,739490,594856,80.4,26.6,107.0,75.1,333,7.8,22855
2025-06,ID-AU-04,ID,Auto,Mountain and hail belt,906258,838702,736669,87.8,23.4,111.3,77.9,376,7.4,26426
2025-07,ID-AU-04,ID,Auto,Mountain and hail belt,577211,559413,454994,81.3,28.3,109.7,73.1,371,7.6,16159
2025-08,ID-AU-04,ID,Auto,Mountain and hail belt,701828,662175,559650,84.5,27.3,111.8,75.5,296,8.7,21779
2025-09,ID-AU-04,ID,Auto,Mountain and hail belt,600507,582334,500683,86.0,23.1,109.1,75.3,307,11.5,14228
2025-10,ID-AU-04,ID,Auto,Mountain and hail belt,593742,582116,480716,82.6,24.3,106.9,75.9,391,7.6,16164
2025-11,ID-AU-04,ID,Auto,Mountain and hail belt,919973,879802,612643,69.6,23.8,93.5,75.5,464,6.6,20097
2025-12,ID-AU-04,ID,Auto,Mountain and hail belt,745208,734564,584040,79.5,23.2,102.7,77.4,488,8.6,13859
2026-01,ID-AU-04,ID,Auto,Mountain and hail belt,885146,899701,639981,71.1,25.6,96.8,77.0,690,8.5,10850
2026-02,ID-AU-04,ID,Auto,Mountain and hail belt,626886,621673,494914,79.6,23.1,102.8,76.5,424,6.6,17816
2026-03,ID-AU-04,ID,Auto,Mountain and hail belt,727582,702630,581235,82.7,26.8,109.5,73.5,406,6.8,20998
2025-04,ID-FR-01,ID,Farm and Ranch,Urban agency corridor,627948,586167,407520,69.5,28.7,98.2,83.0,252,5.9,27201
2025-05,ID-FR-01,ID,Farm and Ranch,Urban agency corridor,510101,495223,393821,79.5,26.6,106.1,86.2,236,9.8,17085
2025-06,ID-FR-01,ID,Farm and Ranch,Urban agency corridor,488521,478777,385836,80.6,28.5,109.1,85.0,201,6.7,28773
2025-07,ID-FR-01,ID,Farm and Ranch,Urban agency corridor,589164,558150,461516,82.7,31.3,114.0,85.4,397,8.6,13446
2025-08,ID-FR-01,ID,Farm and Ranch,Urban agency corridor,576414,573441,401866,70.1,29.7,99.8,87.9,277,5.8,25210
2025-09,ID-FR-01,ID,Farm and Ranch,Urban agency corridor,562129,528452,391995,74.2,27.2,101.4,84.8,261,6.0,25120
2025-10,ID-FR-01,ID,Farm and Ranch,Urban agency corridor,570154,579181,403191,69.6,29.7,99.3,84.6,418,7.5,12832
2025-11,ID-FR-01,ID,Farm and Ranch,Urban agency corridor,528290,516173,362115,70.2,28.0,98.2,87.2,232,7.9,19867
2025-12,ID-FR-01,ID,Farm and Ranch,Urban agency corridor,629898,630421,414804,65.8,25.7,91.4,83.6,311,7.7,17229
2026-01,ID-FR-01,ID,Farm and Ranch,Urban agency corridor,607406,568589,346299,60.9,27.0,87.9,87.7,278,6.8,18358
2026-02,ID-FR-01,ID,Farm and Ranch,Urban agency corridor,611901,564926,401330,71.0,26.1,97.2,87.9,268,6.0,24925
2026-03,ID-FR-01,ID,Farm and Ranch,Urban agency corridor,612422,597802,373158,62.4,30.2,92.6,87.5,378,5.8,17116
2025-04,ID-FR-02,ID,Farm and Ranch,Rural farm belt,524645,483353,349021,72.2,29.2,101.4,84.6,214,6.2,26313
2025-05,ID-FR-02,ID,Farm and Ranch,Rural farm belt,620344,614428,503772,82.0,30.0,112.0,83.2,316,7.2,22129
2025-06,ID-FR-02,ID,Farm and Ranch,Rural farm belt,637837,605574,457001,75.5,29.6,105.1,81.1,417,7.5,14623
2025-07,ID-FR-02,ID,Farm and Ranch,Rural farm belt,488857,470696,390681,83.0,26.3,109.3,83.4,304,9.1,14172
2025-08,ID-FR-02,ID,Farm and Ranch,Rural farm belt,578949,541595,406406,75.0,27.4,102.5,80.2,233,7.1,24588
2025-09,ID-FR-02,ID,Farm and Ranch,Rural farm belt,569854,552220,445317,80.6,27.6,108.3,84.6,341,9.4,13927
2025-10,ID-FR-02,ID,Farm and Ranch,Rural farm belt,446524,413846,317737,76.8,28.0,104.8,83.2,305,8.9,11677
2025-11,ID-FR-02,ID,Farm and Ranch,Rural farm belt,457060,435664,311628,71.5,26.8,98.3,84.5,234,5.7,23241
2025-12,ID-FR-02,ID,Farm and Ranch,Rural farm belt,623561,634856,401574,63.3,29.5,92.8,82.6,277,6.0,24222
2026-01,ID-FR-02,ID,Farm and Ranch,Rural farm belt,572570,581668,434343,74.7,27.4,102.1,85.4,248,7.9,22116
2026-02,ID-FR-02,ID,Farm and Ranch,Rural farm belt,553970,525320,417629,79.5,30.4,109.9,82.2,241,8.2,21204
2026-03,ID-FR-02,ID,Farm and Ranch,Rural farm belt,421639,425783,291663,68.5,28.6,97.1,85.6,295,5.6,17726
2025-04,ID-FR-03,ID,Farm and Ranch,Wildland interface,604622,581901,479525,82.4,28.7,111.1,82.8,245,7.2,27019
2025-05,ID-FR-03,ID,Farm and Ranch,Wildland interface,552193,559910,543554,97.1,26.4,123.5,81.3,343,12.2,12957
2025-06,ID-FR-03,ID,Farm and Ranch,Wildland interface,402294,402061,385773,95.9,28.9,124.9,79.9,259,10.2,14655
2025-07,ID-FR-03,ID,Farm and Ranch,Wildland interface,554747,534390,465120,87.0,29.5,116.6,81.8,268,8.2,21120
2025-08,ID-FR-03,ID,Farm and Ranch,Wildland interface,591072,578400,569834,98.5,25.9,124.5,84.1,421,8.6,15709
2025-09,ID-FR-03,ID,Farm and Ranch,Wildland interface,474820,440941,429520,97.4,28.1,125.5,80.9,219,9.9,19872
2025-10,ID-FR-03,ID,Farm and Ranch,Wildland interface,539229,503445,440886,87.6,30.3,117.9,81.8,213,10.7,19430
2025-11,ID-FR-03,ID,Farm and Ranch,Wildland interface,580821,587452,538973,91.7,29.9,121.6,80.8,250,8.9,24127
2025-12,ID-FR-03,ID,Farm and Ranch,Wildland interface,551477,514155,386950,75.3,29.1,104.3,81.8,219,8.3,21185
2026-01,ID-FR-03,ID,Farm and Ranch,Wildland interface,606896,613181,493781,80.5,28.0,108.5,82.4,333,9.7,15292
2026-02,ID-FR-03,ID,Farm and Ranch,Wildland interface,467232,468856,368833,78.7,26.6,105.3,83.4,210,6.7,26249
2026-03,ID-FR-03,ID,Farm and Ranch,Wildland interface,664301,677210,580640,85.7,28.8,114.5,80.3,510,10.7,10611
2025-04,ID-FR-04,ID,Farm and Ranch,Mountain and hail belt,409066,401683,371373,92.5,27.4,119.9,81.9,205,10.2,17690
2025-05,ID-FR-04,ID,Farm and Ranch,Mountain and hail belt,536144,523574,449026,85.8,27.4,113.2,81.8,417,9.8,10962
2025-06,ID-FR-04,ID,Farm and Ranch,Mountain and hail belt,445586,442904,395114,89.2,30.5,119.8,80.0,211,7.5,24957
2025-07,ID-FR-04,ID,Farm and Ranch,Mountain and hail belt,511162,488606,428254,87.6,28.8,116.5,80.3,250,7.5,22884
2025-08,ID-FR-04,ID,Farm and Ranch,Mountain and hail belt,617994,577206,525573,91.1,27.1,118.1,84.5,431,11.6,10549
2025-09,ID-FR-04,ID,Farm and Ranch,Mountain and hail belt,400297,388575,309937,79.8,29.0,108.8,81.6,201,6.6,23259
2025-10,ID-FR-04,ID,Farm and Ranch,Mountain and hail belt,544036,530080,499489,94.2,28.3,122.6,83.9,317,10.9,14408
2025-11,ID-FR-04,ID,Farm and Ranch,Mountain and hail belt,606125,602078,472879,78.5,28.3,106.8,82.3,352,7.8,17123
2025-12,ID-FR-04,ID,Farm and Ranch,Mountain and hail belt,580354,583139,499530,85.7,29.2,114.8,80.2,316,8.8,17958
2026-01,ID-FR-04,ID,Farm and Ranch,Mountain and hail belt,453262,460002,378231,82.2,31.3,113.5,83.6,254,8.8,16832
2026-02,ID-FR-04,ID,Farm and Ranch,Mountain and hail belt,466698,452120,326774,72.3,27.7,100.0,79.5,303,6.0,17963
2026-03,ID-FR-04,ID,Farm and Ranch,Mountain and hail belt,508324,491533,400534,81.5,25.8,107.3,85.1,302,7.4,17934
2025-04,ID-UM-01,ID,Umbrella,Urban agency corridor,150570,148367,66168,44.6,22.4,67.0,89.1,136,4.8,10235
2025-05,ID-UM-01,ID,Umbrella,Urban agency corridor,217885,211705,97353,46.0,23.7,69.7,87.0,199,4.4,11193
2025-06,ID-UM-01,ID,Umbrella,Urban agency corridor,182308,170257,74561,43.8,19.0,62.8,88.0,193,5.2,7441
2025-07,ID-UM-01,ID,Umbrella,Urban agency corridor,170633,169222,73398,43.4,19.9,63.3,89.0,138,4.4,12149
2025-08,ID-UM-01,ID,Umbrella,Urban agency corridor,182421,171671,75045,43.7,23.5,67.2,84.3,224,4.2,7945
2025-09,ID-UM-01,ID,Umbrella,Urban agency corridor,154061,151435,61087,40.3,21.9,62.3,84.5,166,4.8,7663
2025-10,ID-UM-01,ID,Umbrella,Urban agency corridor,229361,224759,108260,48.2,18.6,66.8,88.4,189,5.4,10604
2025-11,ID-UM-01,ID,Umbrella,Urban agency corridor,148840,143619,77959,54.3,23.7,78.0,85.1,110,5.2,13715
2025-12,ID-UM-01,ID,Umbrella,Urban agency corridor,216656,217099,83597,38.5,22.5,61.0,85.7,177,4.2,11301
2026-01,ID-UM-01,ID,Umbrella,Urban agency corridor,185536,181651,70730,38.9,20.8,59.8,84.8,208,3.3,10303
2026-02,ID-UM-01,ID,Umbrella,Urban agency corridor,191488,184207,69860,37.9,19.1,57.0,87.0,160,4.9,8859
2026-03,ID-UM-01,ID,Umbrella,Urban agency corridor,219466,212955,82045,38.5,21.4,59.9,84.9,186,3.3,13324
2025-04,ID-UM-02,ID,Umbrella,Rural farm belt,138839,135088,63420,46.9,23.3,70.3,87.0,136,4.5,10375
2025-05,ID-UM-02,ID,Umbrella,Rural farm belt,202874,202094,115468,57.1,19.1,76.2,83.0,191,6.6,9166
2025-06,ID-UM-02,ID,Umbrella,Rural farm belt,214840,203739,125663,61.7,21.0,82.6,83.4,167,5.4,13965
2025-07,ID-UM-02,ID,Umbrella,Rural farm belt,190403,177414,82503,46.5,22.4,68.9,86.4,186,5.0,8882
2025-08,ID-UM-02,ID,Umbrella,Rural farm belt,152549,150285,75837,50.5,23.6,74.1,84.8,152,5.7,8778
2025-09,ID-UM-02,ID,Umbrella,Rural farm belt,202240,201329,104758,52.0,23.2,75.2,85.1,204,5.1,10140
2025-10,ID-UM-02,ID,Umbrella,Rural farm belt,163633,155560,76247,49.0,22.7,71.7,86.6,118,4.5,14233
2025-11,ID-UM-02,ID,Umbrella,Rural farm belt,210983,203526,109142,53.6,19.5,73.1,83.5,202,5.8,9262
2025-12,ID-UM-02,ID,Umbrella,Rural farm belt,193614,191621,100521,52.5,19.5,71.9,88.0,259,6.6,5886
2026-01,ID-UM-02,ID,Umbrella,Rural farm belt,156269,158236,74523,47.1,18.9,66.0,83.6,200,6.1,6083
2026-02,ID-UM-02,ID,Umbrella,Rural farm belt,180020,183341,93114,50.8,21.6,72.4,86.5,160,4.2,14012
2026-03,ID-UM-02,ID,Umbrella,Rural farm belt,222960,219399,107372,48.9,19.7,68.6,86.2,171,5.5,11458
2025-04,ID-UM-03,ID,Umbrella,Wildland interface,138175,130427,67106,51.5,19.4,70.9,83.5,103,5.6,11733
2025-05,ID-UM-03,ID,Umbrella,Wildland interface,171534,167864,105495,62.8,22.9,85.8,78.0,210,7.0,7132
2025-06,ID-UM-03,ID,Umbrella,Wildland interface,212173,214613,131590,61.3,24.3,85.6,79.2,187,7.2,9724
2025-07,ID-UM-03,ID,Umbrella,Wildland interface,222631,217620,131240,60.3,20.9,81.2,78.2,277,6.7,7048
2025-08,ID-UM-03,ID,Umbrella,Wildland interface,225582,225649,163077,72.3,23.8,96.0,82.4,200,6.6,12378
2025-09,ID-UM-03,ID,Umbrella,Wildland interface,228714,223297,150470,67.4,23.0,90.4,83.3,213,6.9,10278
2025-10,ID-UM-03,ID,Umbrella,Wildland interface,194707,179663,96189,53.5,18.9,72.4,81.4,127,4.9,15398
2025-11,ID-UM-03,ID,Umbrella,Wildland interface,162373,154510,102847,66.6,21.6,88.2,77.6,119,7.6,11350
2025-12,ID-UM-03,ID,Umbrella,Wildland interface,150411,148511,93000,62.6,19.0,81.6,83.1,140,6.8,9831
2026-01,ID-UM-03,ID,Umbrella,Wildland interface,227406,215333,138529,64.3,22.6,86.9,83.0,200,7.6,9150
2026-02,ID-UM-03,ID,Umbrella,Wildland interface,213563,215117,110923,51.6,19.7,71.3,79.0,186,6.2,9576
2026-03,ID-UM-03,ID,Umbrella,Wildland interface,154393,156248,96139,61.5,22.5,84.0,81.2,124,6.0,12862
2025-04,ID-UM-04,ID,Umbrella,Mountain and hail belt,215620,217103,124625,57.4,24.4,81.8,88.4,234,6.7,7989
2025-05,ID-UM-04,ID,Umbrella,Mountain and hail belt,187964,173945,112953,64.9,21.4,86.3,86.1,161,6.9,10230
2025-06,ID-UM-04,ID,Umbrella,Mountain and hail belt,199111,186663,129872,69.6,22.7,92.3,85.6,155,9.2,9103
2025-07,ID-UM-04,ID,Umbrella,Mountain and hail belt,156754,153321,89519,58.4,22.2,80.6,84.4,138,6.7,9650
2025-08,ID-UM-04,ID,Umbrella,Mountain and hail belt,181732,178335,104478,58.6,21.5,80.1,84.1,147,6.3,11357
2025-09,ID-UM-04,ID,Umbrella,Mountain and hail belt,218352,206989,111334,53.8,19.3,73.1,86.3,232,6.7,7137
2025-10,ID-UM-04,ID,Umbrella,Mountain and hail belt,165142,155824,87806,56.3,20.8,77.1,83.7,112,6.8,11475
2025-11,ID-UM-04,ID,Umbrella,Mountain and hail belt,216413,202922,112788,55.6,24.5,80.1,88.0,187,5.0,12048
2025-12,ID-UM-04,ID,Umbrella,Mountain and hail belt,215780,204991,113275,55.3,21.9,77.2,85.2,170,7.1,9406
2026-01,ID-UM-04,ID,Umbrella,Mountain and hail belt,219761,212652,118972,55.9,21.2,77.1,84.9,217,5.4,10095
2026-02,ID-UM-04,ID,Umbrella,Mountain and hail belt,232328,219729,99970,45.5,19.2,64.7,88.1,158,5.4,11814
2026-03,ID-UM-04,ID,Umbrella,Mountain and hail belt,199481,196471,97707,49.7,23.2,72.9,85.0,165,5.0,11833
2025-04,CO-HO-01,CO,Home,Urban agency corridor,882880,827044,625574,75.6,28.5,104.2,82.3,433,6.4,22432
2025-05,CO-HO-01,CO,Home,Urban agency corridor,848659,794515,537309,67.6,28.4,96.0,80.3,510,6.3,16705
2025-06,CO-HO-01,CO,Home,Urban agency corridor,962524,928344,750291,80.8,28.7,109.5,82.0,393,8.4,22606
2025-07,CO-HO-01,CO,Home,Urban agency corridor,920658,849132,671135,79.0,30.5,109.5,84.1,413,10.0,16243
2025-08,CO-HO-01,CO,Home,Urban agency corridor,916928,853019,566729,66.4,31.8,98.2,81.8,666,7.0,12149
2025-09,CO-HO-01,CO,Home,Urban agency corridor,1253464,1163622,794096,68.2,27.4,95.7,82.4,512,7.5,20561
2025-10,CO-HO-01,CO,Home,Urban agency corridor,972841,922659,667797,72.4,27.3,99.7,83.5,719,6.7,13882
2025-11,CO-HO-01,CO,Home,Urban agency corridor,1321966,1259199,846850,67.3,32.3,99.6,81.7,805,6.9,15211
2025-12,CO-HO-01,CO,Home,Urban agency corridor,1391335,1377091,827610,60.1,30.1,90.2,82.3,695,5.8,20448
2026-01,CO-HO-01,CO,Home,Urban agency corridor,1146752,1128350,697745,61.8,28.6,90.4,81.7,518,6.4,21150
2026-02,CO-HO-01,CO,Home,Urban agency corridor,1063606,1006151,627598,62.4,26.5,88.9,83.4,452,6.8,20522
2026-03,CO-HO-01,CO,Home,Urban agency corridor,1129117,1039727,782705,75.3,32.2,107.5,81.4,824,7.8,12179
2025-04,CO-HO-02,CO,Home,Rural farm belt,1106012,1061191,755968,71.2,30.9,102.2,77.4,629,8.1,14872
2025-05,CO-HO-02,CO,Home,Rural farm belt,1038173,979990,830354,84.7,32.0,116.7,79.9,481,9.5,18181
2025-06,CO-HO-02,CO,Home,Rural farm belt,1218841,1219915,980280,80.4,31.6,112.0,76.1,770,7.5,16927
2025-07,CO-HO-02,CO,Home,Rural farm belt,1157860,1096740,930576,84.8,27.6,112.5,75.2,839,8.3,13301
2025-08,CO-HO-02,CO,Home,Rural farm belt,927394,862688,670909,77.8,30.8,108.6,79.4,568,9.4,12535
2025-09,CO-HO-02,CO,Home,Rural farm belt,1103260,1052722,806149,76.6,31.3,107.9,81.0,590,6.7,20443
2025-10,CO-HO-02,CO,Home,Rural farm belt,1018968,1023405,874278,85.4,26.8,112.3,79.7,768,8.7,13127
2025-11,CO-HO-02,CO,Home,Rural farm belt,947742,951679,764568,80.3,31.5,111.8,75.8,446,9.2,18660
2025-12,CO-HO-02,CO,Home,Rural farm belt,1279604,1233917,949506,77.0,26.7,103.7,77.8,577,7.6,21611
2026-01,CO-HO-02,CO,Home,Rural farm belt,1406686,1360663,1023543,75.2,28.4,103.6,77.0,689,9.8,15228
2026-02,CO-HO-02,CO,Home,Rural farm belt,1389474,1350697,921622,68.2,30.3,98.6,76.2,594,5.8,26874
2026-03,CO-HO-02,CO,Home,Rural farm belt,984962,917288,706501,77.0,28.4,105.5,76.0,585,9.5,12698
2025-04,CO-HO-03,CO,Home,Wildland interface,1125152,1076927,892405,82.9,27.4,110.3,71.7,549,6.8,23842
2025-05,CO-HO-03,CO,Home,Wildland interface,1348578,1324996,1132276,85.5,30.4,115.8,75.3,613,10.5,17571
2025-06,CO-HO-03,CO,Home,Wildland interface,941562,958668,966914,100.9,31.0,131.9,75.9,546,11.9,14863
2025-07,CO-HO-03,CO,Home,Wildland interface,1196963,1144078,1028849,89.9,31.9,121.8,74.0,652,10.0,15746
2025-08,CO-HO-03,CO,Home,Wildland interface,1208539,1134791,1021599,90.0,28.6,118.6,75.5,724,7.7,18271
2025-09,CO-HO-03,CO,Home,Wildland interface,1336186,1303386,1115945,85.6,27.4,113.0,72.9,839,9.2,14503
2025-10,CO-HO-03,CO,Home,Wildland interface,835507,821974,723978,88.1,27.6,115.7,71.2,367,7.7,25488
2025-11,CO-HO-03,CO,Home,Wildland interface,973838,966145,869342,90.0,29.7,119.7,73.4,521,9.0,18521
2025-12,CO-HO-03,CO,Home,Wildland interface,1155793,1134184,926075,81.7,30.3,112.0,71.8,612,10.4,14517
2026-01,CO-HO-03,CO,Home,Wildland interface,1323421,1234722,1120265,90.7,27.7,118.4,74.0,905,8.8,14128
2026-02,CO-HO-03,CO,Home,Wildland interface,1331828,1312906,1120029,85.3,30.7,116.0,72.6,785,8.1,17611
2026-03,CO-HO-03,CO,Home,Wildland interface,900722,912451,747193,81.9,29.4,111.3,76.5,679,7.1,15461
2025-04,CO-HO-04,CO,Home,Mountain and hail belt,1185387,1188190,971001,81.7,26.7,108.5,72.4,742,6.7,19573
2025-05,CO-HO-04,CO,Home,Mountain and hail belt,1328926,1235518,1148566,93.0,29.7,122.7,73.1,666,10.6,16221
2025-06,CO-HO-04,CO,Home,Mountain and hail belt,1154935,1083201,1035225,95.6,29.0,124.6,72.6,545,10.3,18464
2025-07,CO-HO-04,CO,Home,Mountain and hail belt,1070922,1056491,1043526,98.8,27.5,126.3,73.1,617,10.8,15732
2025-08,CO-HO-04,CO,Home,Mountain and hail belt,912124,930223,837755,90.1,28.6,118.7,73.9,389,9.9,21817
2025-09,CO-HO-04,CO,Home,Mountain and hail belt,1035822,1032112,904747,87.7,30.9,118.5,75.6,543,10.2,16289
2025-10,CO-HO-04,CO,Home,Mountain and hail belt,1261404,1277316,1041141,81.5,32.3,113.8,74.7,748,7.3,19009
2025-11,CO-HO-04,CO,Home,Mountain and hail belt,1390624,1362222,1134466,83.3,32.5,115.7,73.8,853,9.7,13749
2025-12,CO-HO-04,CO,Home,Mountain and hail belt,1327208,1223912,1059691,86.6,30.6,117.2,73.7,648,8.4,19419
2026-01,CO-HO-04,CO,Home,Mountain and hail belt,1374839,1286123,921766,71.7,28.6,100.3,72.8,769,6.9,17412
2026-02,CO-HO-04,CO,Home,Mountain and hail belt,987909,989003,726340,73.4,28.9,102.3,77.5,472,6.6,23296
2026-03,CO-HO-04,CO,Home,Mountain and hail belt,1314727,1232281,1094590,88.8,30.6,119.5,75.5,537,8.5,24040
2025-04,CO-AU-01,CO,Auto,Urban agency corridor,945282,902549,735337,81.5,25.0,106.5,76.8,401,9.4,19432
2025-05,CO-AU-01,CO,Auto,Urban agency corridor,901673,883847,615046,69.6,27.2,96.8,73.9,552,9.0,12338
2025-06,CO-AU-01,CO,Auto,Urban agency corridor,859676,803761,645745,80.3,23.8,104.2,71.9,384,8.5,19810
2025-07,CO-AU-01,CO,Auto,Urban agency corridor,824955,808054,655198,81.1,23.8,104.9,73.4,474,9.9,13912
2025-08,CO-AU-01,CO,Auto,Urban agency corridor,675098,659668,476180,72.2,24.9,97.1,72.1,361,6.3,20775
2025-09,CO-AU-01,CO,Auto,Urban agency corridor,699712,653172,518938,79.4,25.4,104.9,75.5,442,7.5,15635
2025-10,CO-AU-01,CO,Auto,Urban agency corridor,965262,911810,620527,68.1,27.2,95.2,73.6,394,8.6,18394
2025-11,CO-AU-01,CO,Auto,Urban agency corridor,943273,907762,639224,70.4,24.4,94.8,75.2,710,7.8,11538
2025-12,CO-AU-01,CO,Auto,Urban agency corridor,1086907,1066932,854136,80.1,25.2,105.2,72.5,819,6.9,15100
2026-01,CO-AU-01,CO,Auto,Urban agency corridor,747018,715182,537605,75.2,27.6,102.8,72.3,544,6.1,16098
2026-02,CO-AU-01,CO,Auto,Urban agency corridor,1072825,1080200,831699,77.0,22.6,99.6,75.8,783,7.9,13451
2026-03,CO-AU-01,CO,Auto,Urban agency corridor,677119,637102,470386,73.8,23.7,97.6,74.8,411,7.4,15370
2025-04,CO-AU-02,CO,Auto,Rural farm belt,900587,832456,646141,77.6,24.2,101.8,76.6,424,10.0,15246
2025-05,CO-AU-02,CO,Auto,Rural farm belt,902502,831054,701723,84.4,24.1,108.6,77.0,413,7.1,23787
2025-06,CO-AU-02,CO,Auto,Rural farm belt,640176,644492,588078,91.2,23.9,115.1,74.2,271,11.4,19021
2025-07,CO-AU-02,CO,Auto,Rural farm belt,769766,774906,696637,89.9,23.6,113.5,74.9,436,7.4,21562
2025-08,CO-AU-02,CO,Auto,Rural farm belt,649051,613184,546266,89.1,24.5,113.6,74.3,428,9.6,13229
2025-09,CO-AU-02,CO,Auto,Rural farm belt,794790,780900,637947,81.7,28.4,110.1,74.9,357,7.7,23250
2025-10,CO-AU-02,CO,Auto,Rural farm belt,1027007,1036291,924582,89.2,22.7,111.9,75.2,659,10.8,12987
2025-11,CO-AU-02,CO,Auto,Rural farm belt,1041185,1026289,751692,73.2,24.8,98.0,77.7,525,6.9,20775
2025-12,CO-AU-02,CO,Auto,Rural farm belt,754749,712511,515130,72.3,28.3,100.6,77.4,437,7.1,16649
2026-01,CO-AU-02,CO,Auto,Rural farm belt,750126,700511,550031,78.5,27.3,105.8,77.1,436,7.1,17715
2026-02,CO-AU-02,CO,Auto,Rural farm belt,894697,835222,730574,87.5,28.4,115.8,72.8,359,7.2,28117
2026-03,CO-AU-02,CO,Auto,Rural farm belt,808185,788573,699766,88.7,23.2,111.9,73.8,348,8.0,25233
2025-04,CO-AU-03,CO,Auto,Wildland interface,1013077,1022613,1077525,105.4,24.1,129.5,71.6,744,12.5,11578
2025-05,CO-AU-03,CO,Auto,Wildland interface,947607,929790,899616,96.8,25.9,122.7,68.3,612,8.8,16616
2025-06,CO-AU-03,CO,Auto,Wildland interface,783538,774773,798050,103.0,25.5,128.5,70.6,374,11.0,19410
2025-07,CO-AU-03,CO,Auto,Wildland interface,997319,966547,945345,97.8,23.7,121.5,67.1,453,12.9,16163
2025-08,CO-AU-03,CO,Auto,Wildland interface,755004,725788,782314,107.8,28.4,136.2,71.5,547,8.9,16102
2025-09,CO-AU-03,CO,Auto,Wildland interface,1066763,1073924,1082195,100.8,24.4,125.2,69.7,700,10.6,14612
2025-10,CO-AU-03,CO,Auto,Wildland interface,665692,661387,631082,95.4,24.4,119.8,70.6,314,9.1,22051
2025-11,CO-AU-03,CO,Auto,Wildland interface,879635,886301,880591,99.4,25.6,125.0,69.7,402,12.9,17003
2025-12,CO-AU-03,CO,Auto,Wildland interface,1090483,1059808,952109,89.8,26.9,116.7,70.3,574,8.4,19670
2026-01,CO-AU-03,CO,Auto,Wildland interface,680921,646274,575029,89.0,24.3,113.3,71.9,362,9.3,17161
2026-02,CO-AU-03,CO,Auto,Wildland interface,934188,864549,795578,92.0,23.4,115.4,71.9,488,8.3,19688
2026-03,CO-AU-03,CO,Auto,Wildland interface,717328,715802,730636,102.1,26.7,128.7,67.8,414,10.5,16865
2025-04,CO-AU-04,CO,Auto,Mountain and hail belt,728487,720599,722237,100.2,27.3,127.5,72.7,517,12.4,11249
2025-05,CO-AU-04,CO,Auto,Mountain and hail belt,816489,780804,753816,96.5,24.8,121.3,73.2,424,7.9,22556
2025-06,CO-AU-04,CO,Auto,Mountain and hail belt,791721,758517,783533,103.3,28.0,131.3,71.8,377,12.5,16600
2025-07,CO-AU-04,CO,Auto,Mountain and hail belt,1004396,942009,971665,103.1,25.0,128.2,70.3,441,10.6,20787
2025-08,CO-AU-04,CO,Auto,Mountain and hail belt,907123,845217,776228,91.8,23.7,115.6,72.2,548,9.4,15105
2025-09,CO-AU-04,CO,Auto,Mountain and hail belt,1010878,984949,859056,87.2,27.8,115.0,69.9,511,8.8,19041
2025-10,CO-AU-04,CO,Auto,Mountain and hail belt,824718,765289,724731,94.7,24.0,118.7,71.7,389,9.2,20239
2025-11,CO-AU-04,CO,Auto,Mountain and hail belt,1009946,934091,778570,83.4,26.4,109.8,68.6,418,7.7,24213
2025-12,CO-AU-04,CO,Auto,Mountain and hail belt,1021528,970292,920752,94.9,22.8,117.7,70.9,666,8.7,15823
2026-01,CO-AU-04,CO,Auto,Mountain and hail belt,927832,917766,809240,88.2,27.2,115.4,69.5,517,8.5,18453
2026-02,CO-AU-04,CO,Auto,Mountain and hail belt,1074924,998941,836260,83.7,24.7,108.4,70.7,752,8.7,12801
2026-03,CO-AU-04,CO,Auto,Mountain and hail belt,911782,865539,719296,83.1,26.7,109.8,70.1,466,8.2,18803
2025-04,CO-FR-01,CO,Farm and Ranch,Urban agency corridor,735618,712348,596176,83.7,31.1,114.8,86.4,450,7.9,16691
2025-05,CO-FR-01,CO,Farm and Ranch,Urban agency corridor,540583,525738,483584,92.0,27.6,119.6,81.3,277,9.1,19167
2025-06,CO-FR-01,CO,Farm and Ranch,Urban agency corridor,638349,618720,490901,79.3,29.2,108.5,84.7,260,10.6,17866
2025-07,CO-FR-01,CO,Farm and Ranch,Urban agency corridor,459129,451115,356243,79.0,30.6,109.6,85.3,188,8.3,22964
2025-08,CO-FR-01,CO,Farm and Ranch,Urban agency corridor,555828,542512,475122,87.6,25.6,113.1,81.7,344,7.6,18059
2025-09,CO-FR-01,CO,Farm and Ranch,Urban agency corridor,551259,535090,427548,79.9,25.5,105.4,84.6,325,7.2,18312
2025-10,CO-FR-01,CO,Farm and Ranch,Urban agency corridor,649131,599090,446067,74.5,27.5,101.9,82.5,296,6.2,24451
2025-11,CO-FR-01,CO,Farm and Ranch,Urban agency corridor,708953,698010,538777,77.2,29.3,106.5,85.8,373,8.4,17171
2025-12,CO-FR-01,CO,Farm and Ranch,Urban agency corridor,709050,681678,544357,79.9,30.5,110.4,82.3,327,8.8,18923
2026-01,CO-FR-01,CO,Farm and Ranch,Urban agency corridor,635764,598144,467055,78.1,30.3,108.4,85.8,361,6.3,20460
2026-02,CO-FR-01,CO,Farm and Ranch,Urban agency corridor,559268,516270,434668,84.2,29.3,113.5,85.5,270,8.9,18065
2026-03,CO-FR-01,CO,Farm and Ranch,Urban agency corridor,661974,666250,546647,82.0,29.7,111.8,82.4,517,8.6,12332
2025-04,CO-FR-02,CO,Farm and Ranch,Rural farm belt,533059,496397,465049,93.7,30.2,123.9,81.5,281,12.3,13469
2025-05,CO-FR-02,CO,Farm and Ranch,Rural farm belt,590036,572338,492464,86.0,31.0,117.1,80.5,309,7.6,21074
2025-06,CO-FR-02,CO,Farm and Ranch,Rural farm belt,492057,495590,493916,99.7,31.1,130.8,80.1,353,9.0,15616
2025-07,CO-FR-02,CO,Farm and Ranch,Rural farm belt,590295,585200,556450,95.1,25.5,120.6,81.7,286,9.1,21426
2025-08,CO-FR-02,CO,Farm and Ranch,Rural farm belt,481048,465023,398498,85.7,28.6,114.3,80.0,288,8.2,16773
2025-09,CO-FR-02,CO,Farm and Ranch,Rural farm belt,552592,557683,492971,88.4,26.7,115.1,77.7,344,9.1,15734
2025-10,CO-FR-02,CO,Farm and Ranch,Rural farm belt,496253,463962,391962,84.5,25.6,110.1,79.8,251,9.9,15773
2025-11,CO-FR-02,CO,Farm and Ranch,Rural farm belt,571024,543529,429603,79.0,29.7,108.8,77.8,354,10.1,12062
2025-12,CO-FR-02,CO,Farm and Ranch,Rural farm belt,656049,625788,514610,82.2,26.3,108.5,78.9,308,10.2,16314
2026-01,CO-FR-02,CO,Farm and Ranch,Rural farm belt,485219,467094,358022,76.6,29.1,105.7,79.6,211,7.0,24344
2026-02,CO-FR-02,CO,Farm and Ranch,Rural farm belt,664765,632353,562555,89.0,29.8,118.7,80.1,339,7.2,23071
2026-03,CO-FR-02,CO,Farm and Ranch,Rural farm belt,712700,688874,543273,78.9,30.4,109.2,81.6,385,8.1,17495
2025-04,CO-FR-03,CO,Farm and Ranch,Wildland interface,698324,685541,759960,110.9,27.9,138.7,76.1,340,9.7,23074
2025-05,CO-FR-03,CO,Farm and Ranch,Wildland interface,708998,684416,674517,98.6,28.4,126.9,74.0,384,11.8,14890
2025-06,CO-FR-03,CO,Farm and Ranch,Wildland interface,679097,665816,685299,102.9,26.1,129.0,76.8,307,11.3,19800
2025-07,CO-FR-03,CO,Farm and Ranch,Wildland interface,647561,647071,719434,111.2,27.9,139.1,74.3,329,10.9,20139
2025-08,CO-FR-03,CO,Farm and Ranch,Wildland interface,749845,718637,767260,106.8,30.4,137.1,75.4,333,11.0,20883
2025-09,CO-FR-03,CO,Farm and Ranch,Wildland interface,697494,679675,695033,102.3,29.5,131.7,72.3,292,9.9,24140
2025-10,CO-FR-03,CO,Farm and Ranch,Wildland interface,609446,596779,613228,102.8,28.8,131.6,76.8,410,8.4,17873
2025-11,CO-FR-03,CO,Farm and Ranch,Wildland interface,484395,450911,475676,105.5,30.1,135.6,74.1,247,9.8,19717
2025-12,CO-FR-03,CO,Farm and Ranch,Wildland interface,493771,494612,515315,104.2,30.9,135.1,75.7,395,12.7,10310
2026-01,CO-FR-03,CO,Farm and Ranch,Wildland interface,515016,501175,472478,94.3,29.0,123.2,73.0,246,10.4,18505
2026-02,CO-FR-03,CO,Farm and Ranch,Wildland interface,650303,657665,616211,93.7,31.2,124.9,74.5,276,10.2,21973
2026-03,CO-FR-03,CO,Farm and Ranch,Wildland interface,502134,462371,502111,108.6,27.9,136.5,72.6,291,11.6,14850
2025-04,CO-FR-04,CO,Farm and Ranch,Mountain and hail belt,698369,702956,658686,93.7,29.7,123.4,76.3,435,10.0,15213
2025-05,CO-FR-04,CO,Farm and Ranch,Mountain and hail belt,559950,545678,571893,104.8,28.3,133.2,75.1,322,8.6,20543
2025-06,CO-FR-04,CO,Farm and Ranch,Mountain and hail belt,700662,655418,742791,113.3,29.5,142.9,74.8,491,15.0,10116
2025-07,CO-FR-04,CO,Farm and Ranch,Mountain and hail belt,669219,648252,675168,104.2,31.4,135.6,74.5,325,10.9,19107
2025-08,CO-FR-04,CO,Farm and Ranch,Mountain and hail belt,592879,592222,629274,106.3,28.1,134.3,75.0,322,10.4,18871
2025-09,CO-FR-04,CO,Farm and Ranch,Mountain and hail belt,594644,568201,546743,96.2,29.1,125.4,77.4,255,11.1,19349
2025-10,CO-FR-04,CO,Farm and Ranch,Mountain and hail belt,614077,590180,586043,99.3,27.7,127.0,79.8,310,9.0,20988
2025-11,CO-FR-04,CO,Farm and Ranch,Mountain and hail belt,497837,481982,474683,98.5,26.4,124.8,78.3,202,7.9,29631
2025-12,CO-FR-04,CO,Farm and Ranch,Mountain and hail belt,707461,683757,580971,85.0,30.8,115.8,74.5,381,7.6,20115
2026-01,CO-FR-04,CO,Farm and Ranch,Mountain and hail belt,768335,712867,670463,94.1,30.3,124.3,75.8,543,10.2,12101
2026-02,CO-FR-04,CO,Farm and Ranch,Mountain and hail belt,715718,692018,642104,92.8,28.3,121.1,78.4,399,7.5,21338
2026-03,CO-FR-04,CO,Farm and Ranch,Mountain and hail belt,726122,689032,597339,86.7,31.0,117.7,78.4,330,8.4,21545
2025-04,CO-UM-01,CO,Umbrella,Urban agency corridor,240274,236053,118981,50.4,19.0,69.4,87.3,180,5.7,11657
2025-05,CO-UM-01,CO,Umbrella,Urban agency corridor,170944,162071,101370,62.5,18.6,81.1,85.0,189,6.0,8969
2025-06,CO-UM-01,CO,Umbrella,Urban agency corridor,173957,167810,105738,63.0,20.1,83.1,88.5,157,5.5,12288
2025-07,CO-UM-01,CO,Umbrella,Urban agency corridor,250378,238932,120631,50.5,19.4,69.9,89.9,284,5.1,8396
2025-08,CO-UM-01,CO,Umbrella,Urban agency corridor,265935,265147,139871,52.8,21.1,73.9,88.1,302,4.7,9808
2025-09,CO-UM-01,CO,Umbrella,Urban agency corridor,197964,194841,118276,60.7,19.2,79.9,85.3,193,6.7,9093
2025-10,CO-UM-01,CO,Umbrella,Urban agency corridor,242447,241294,132294,54.8,20.8,75.6,88.5,228,6.7,8705
2025-11,CO-UM-01,CO,Umbrella,Urban agency corridor,257376,237091,142416,60.1,21.2,81.3,88.4,171,5.5,15133
2025-12,CO-UM-01,CO,Umbrella,Urban agency corridor,168326,170307,91093,53.5,24.2,77.7,86.9,125,4.5,16066
2026-01,CO-UM-01,CO,Umbrella,Urban agency corridor,201619,190874,82617,43.3,22.4,65.7,86.6,151,3.8,14215
2026-02,CO-UM-01,CO,Umbrella,Urban agency corridor,246940,241723,110039,45.5,20.5,66.0,88.4,282,4.4,8776
2026-03,CO-UM-01,CO,Umbrella,Urban agency corridor,241545,242310,105631,43.6,19.1,62.7,84.9,233,5.1,8941
2025-04,CO-UM-02,CO,Umbrella,Rural farm belt,224426,225222,152918,67.9,22.3,90.2,85.9,275,5.8,9650
2025-05,CO-UM-02,CO,Umbrella,Rural farm belt,170668,168217,116143,69.0,21.9,90.9,87.5,125,6.3,14774
2025-06,CO-UM-02,CO,Umbrella,Rural farm belt,184725,178572,127148,71.2,22.3,93.5,87.2,193,7.4,8915
2025-07,CO-UM-02,CO,Umbrella,Rural farm belt,254764,253996,154237,60.7,19.5,80.2,82.1,201,6.5,11896
2025-08,CO-UM-02,CO,Umbrella,Rural farm belt,195448,180986,129500,71.6,20.1,91.6,84.3,169,5.9,13004
2025-09,CO-UM-02,CO,Umbrella,Rural farm belt,226421,212348,131023,61.7,19.4,81.1,86.3,240,5.8,9482
2025-10,CO-UM-02,CO,Umbrella,Rural farm belt,260414,258211,135940,52.6,18.9,71.6,85.1,285,5.4,8815
2025-11,CO-UM-02,CO,Umbrella,Rural farm belt,260224,243280,146591,60.3,24.1,84.4,85.7,265,5.5,10099
2025-12,CO-UM-02,CO,Umbrella,Rural farm belt,262657,256738,145059,56.5,24.1,80.6,84.6,249,4.8,12084
2026-01,CO-UM-02,CO,Umbrella,Rural farm belt,250620,250254,141130,56.4,18.5,74.9,87.4,194,5.7,12784
2026-02,CO-UM-02,CO,Umbrella,Rural farm belt,228475,231561,124312,53.7,22.6,76.3,84.1,199,4.4,14306
2026-03,CO-UM-02,CO,Umbrella,Rural farm belt,176830,172138,113657,66.0,19.0,85.0,84.4,137,6.1,13493
2025-04,CO-UM-03,CO,Umbrella,Wildland interface,249387,245163,164840,67.2,19.0,86.2,80.0,198,8.2,10153
2025-05,CO-UM-03,CO,Umbrella,Wildland interface,177284,175861,129874,73.9,21.4,95.3,76.6,159,8.2,9997
2025-06,CO-UM-03,CO,Umbrella,Wildland interface,214288,215022,157024,73.0,24.5,97.5,76.4,278,6.4,8848
2025-07,CO-UM-03,CO,Umbrella,Wildland interface,163541,152391,122083,80.1,22.5,102.6,79.0,127,6.7,14245
2025-08,CO-UM-03,CO,Umbrella,Wildland interface,175857,171976,140309,81.6,18.7,100.3,77.1,146,8.3,11610
2025-09,CO-UM-03,CO,Umbrella,Wildland interface,259437,239870,181823,75.8,19.3,95.1,77.2,311,8.4,6970
2025-10,CO-UM-03,CO,Umbrella,Wildland interface,247579,239067,152627,63.8,22.0,85.9,81.1,296,6.4,8065
2025-11,CO-UM-03,CO,Umbrella,Wildland interface,249655,235189,171320,72.8,21.1,93.9,81.1,168,6.7,15248
2025-12,CO-UM-03,CO,Umbrella,Wildland interface,199262,202766,135790,67.0,19.3,86.3,81.2,159,5.9,14437
2026-01,CO-UM-03,CO,Umbrella,Wildland interface,229980,219297,127477,58.1,19.3,77.5,78.7,181,5.7,12439
2026-02,CO-UM-03,CO,Umbrella,Wildland interface,214264,216957,124390,57.3,19.1,76.4,81.3,188,5.0,13142
2026-03,CO-UM-03,CO,Umbrella,Wildland interface,168489,163214,95444,58.5,19.6,78.1,76.8,138,4.9,14115
2025-04,CO-UM-04,CO,Umbrella,Mountain and hail belt,222680,216514,140430,64.9,24.1,89.0,78.8,284,7.7,6404
2025-05,CO-UM-04,CO,Umbrella,Mountain and hail belt,209409,212556,150963,71.0,23.2,94.2,77.3,287,8.2,6427
2025-06,CO-UM-04,CO,Umbrella,Mountain and hail belt,170414,165816,104684,63.1,20.7,83.8,79.7,150,7.3,9503
2025-07,CO-UM-04,CO,Umbrella,Mountain and hail belt,240659,237274,158972,67.0,19.7,86.7,80.0,197,5.4,14866
2025-08,CO-UM-04,CO,Umbrella,Mountain and hail belt,210566,197434,145060,73.5,18.8,92.2,79.1,212,7.6,9009
2025-09,CO-UM-04,CO,Umbrella,Mountain and hail belt,196807,196909,144501,73.4,18.8,92.1,79.6,144,8.8,11458
2025-10,CO-UM-04,CO,Umbrella,Mountain and hail belt,246693,238924,142236,59.5,23.9,83.4,79.5,210,6.5,10387
2025-11,CO-UM-04,CO,Umbrella,Mountain and hail belt,184458,182187,111160,61.0,23.2,84.2,77.1,227,5.5,8980
2025-12,CO-UM-04,CO,Umbrella,Mountain and hail belt,258863,247875,142398,57.4,21.3,78.8,78.1,185,7.0,11020
2026-01,CO-UM-04,CO,Umbrella,Mountain and hail belt,266766,257563,154109,59.8,19.3,79.2,79.5,221,4.8,14426
2026-02,CO-UM-04,CO,Umbrella,Mountain and hail belt,188131,175474,115699,65.9,18.9,84.8,76.0,133,6.7,12920
2026-03,CO-UM-04,CO,Umbrella,Mountain and hail belt,185783,177303,126076,71.1,22.1,93.2,79.9,151,6.7,12397
2025-04,CA-HO-01,CA,Home,Urban agency corridor,1140107,1162415,888481,76.4,31.5,108.0,79.8,556,6.8,23376
2025-05,CA-HO-01,CA,Home,Urban agency corridor,1007297,959682,756215,78.8,31.9,110.6,81.6,675,7.6,14741
2025-06,CA-HO-01,CA,Home,Urban agency corridor,873332,889068,631058,71.0,29.3,100.3,82.7,689,7.0,13105
2025-07,CA-HO-01,CA,Home,Urban agency corridor,1155524,1155295,990479,85.7,29.2,114.9,79.5,610,11.3,14322
2025-08,CA-HO-01,CA,Home,Urban agency corridor,1310884,1330538,966602,72.6,28.3,100.9,82.0,982,7.3,13412
2025-09,CA-HO-01,CA,Home,Urban agency corridor,1066525,1056212,885218,83.8,31.0,114.8,78.2,595,7.4,20164
2025-10,CA-HO-01,CA,Home,Urban agency corridor,1411419,1355719,1084616,80.0,28.7,108.7,80.9,685,6.8,23358
2025-11,CA-HO-01,CA,Home,Urban agency corridor,939338,948115,656052,69.2,26.7,95.9,80.6,607,5.7,19104
2025-12,CA-HO-01,CA,Home,Urban agency corridor,1228718,1228039,927060,75.5,27.0,102.5,83.4,585,9.7,16319
2026-01,CA-HO-01,CA,Home,Urban agency corridor,1479789,1461240,1119371,76.6,27.2,103.8,80.3,744,8.2,18320
2026-02,CA-HO-01,CA,Home,Urban agency corridor,1019747,995150,622155,62.5,30.8,93.3,79.3,418,7.2,20696
2026-03,CA-HO-01,CA,Home,Urban agency corridor,987922,956160,765958,80.1,30.0,110.1,83.8,641,7.1,16744
2025-04,CA-HO-02,CA,Home,Rural farm belt,896037,855287,703249,82.2,29.7,111.9,73.4,413,7.5,22555
2025-05,CA-HO-02,CA,Home,Rural farm belt,1172350,1112825,973725,87.5,31.3,118.8,78.3,510,7.2,26630
2025-06,CA-HO-02,CA,Home,Rural farm belt,908467,916816,794442,86.7,27.0,113.6,78.1,579,7.1,19450
2025-07,CA-HO-02,CA,Home,Rural farm belt,939569,890330,816629,91.7,29.5,121.2,77.9,481,8.6,19688
2025-08,CA-HO-02,CA,Home,Rural farm belt,1053253,1071114,944255,88.2,27.3,115.4,74.8,608,8.2,18891
2025-09,CA-HO-02,CA,Home,Rural farm belt,1058654,980626,902326,92.0,27.9,119.9,78.4,492,9.6,19051
2025-10,CA-HO-02,CA,Home,Rural farm belt,1095507,1078642,855850,79.3,30.1,109.4,76.9,486,8.2,21587
2025-11,CA-HO-02,CA,Home,Rural farm belt,1078910,1006834,854081,84.8,27.5,112.4,74.2,557,6.9,22330
2025-12,CA-HO-02,CA,Home,Rural farm belt,1365469,1262693,945616,74.9,29.2,104.1,73.7,545,6.8,25622
2026-01,CA-HO-02,CA,Home,Rural farm belt,1080343,1099056,910859,82.9,30.7,113.5,76.7,770,9.5,12403
2026-02,CA-HO-02,CA,Home,Rural farm belt,938110,892764,632159,70.8,28.1,98.9,73.8,470,9.2,14576
2026-03,CA-HO-02,CA,Home,Rural farm belt,1112448,1061703,821042,77.3,29.7,107.1,73.6,664,6.4,19351
2025-04,CA-HO-03,CA,Home,Wildland interface,862178,856876,898582,104.9,28.5,133.4,72.6,477,11.7,16076
2025-05,CA-HO-03,CA,Home,Wildland interface,1409463,1434930,1448838,101.0,27.4,128.4,71.7,625,10.4,22294
2025-06,CA-HO-03,CA,Home,Wildland interface,1270268,1261585,1378751,109.3,27.3,136.6,71.7,786,11.5,15261
2025-07,CA-HO-03,CA,Home,Wildland interface,1366635,1318253,1260810,95.6,26.8,122.5,72.2,686,11.1,16547
2025-08,CA-HO-03,CA,Home,Wildland interface,1430636,1355946,1267673,93.5,29.7,123.2,71.0,670,11.8,16063
2025-09,CA-HO-03,CA,Home,Wildland interface,1188817,1116828,1076196,96.4,30.1,126.5,74.0,486,10.4,21384
2025-10,CA-HO-03,CA,Home,Wildland interface,979674,984945,925452,94.0,28.7,122.7,70.1,595,7.6,20506
2025-11,CA-HO-03,CA,Home,Wildland interface,1419923,1318768,1280155,97.1,29.2,126.2,74.3,606,10.9,19462
2025-12,CA-HO-03,CA,Home,Wildland interface,1387080,1410711,1257758,89.2,31.9,121.0,69.2,732,11.2,15283
2026-01,CA-HO-03,CA,Home,Wildland interface,1033467,999839,962349,96.3,32.4,128.7,68.7,424,8.5,26601
2026-02,CA-HO-03,CA,Home,Wildland interface,966900,929138,910445,98.0,29.0,127.0,71.7,449,8.7,23334
2026-03,CA-HO-03,CA,Home,Wildland interface,1002230,940694,854550,90.8,29.8,120.7,68.6,427,7.8,25716
2025-04,CA-HO-04,CA,Home,Mountain and hail belt,1010269,1026032,1002548,97.7,29.3,127.0,72.2,450,10.2,21856
2025-05,CA-HO-04,CA,Home,Mountain and hail belt,1148723,1135839,1025375,90.3,27.2,117.5,69.9,474,11.5,18772
2025-06,CA-HO-04,CA,Home,Mountain and hail belt,1303006,1274478,1253745,98.4,31.7,130.1,72.0,709,9.0,19722
2025-07,CA-HO-04,CA,Home,Mountain and hail belt,945535,918353,912826,99.4,31.6,131.0,69.3,697,10.9,11988
2025-08,CA-HO-04,CA,Home,Mountain and hail belt,1396951,1304124,1188480,91.1,28.1,119.3,70.8,567,9.8,21344
2025-09,CA-HO-04,CA,Home,Mountain and hail belt,1057672,1029074,1057094,102.7,29.6,132.3,72.9,704,12.9,11654
2025-10,CA-HO-04,CA,Home,Mountain and hail belt,1339147,1304827,1283933,98.4,31.5,129.9,72.4,817,9.0,17452
2025-11,CA-HO-04,CA,Home,Mountain and hail belt,1308715,1216560,1094433,90.0,31.4,121.4,68.4,659,9.6,17289
2025-12,CA-HO-04,CA,Home,Mountain and hail belt,1194104,1139213,1066200,93.6,27.1,120.7,69.2,757,11.1,12705
2026-01,CA-HO-04,CA,Home,Mountain and hail belt,1450581,1423517,1299837,91.3,29.7,121.0,71.5,755,8.1,21271
2026-02,CA-HO-04,CA,Home,Mountain and hail belt,982433,949078,745709,78.6,31.4,110.0,73.8,526,8.7,16343
2026-03,CA-HO-04,CA,Home,Mountain and hail belt,1140382,1142325,1091327,95.5,30.1,125.6,72.9,695,8.6,18161
2025-04,CA-AU-01,CA,Auto,Urban agency corridor,767427,715652,530853,74.2,23.0,97.1,74.7,332,9.4,17005
2025-05,CA-AU-01,CA,Auto,Urban agency corridor,1017328,1012987,763722,75.4,23.1,98.5,75.3,550,9.7,14359
2025-06,CA-AU-01,CA,Auto,Urban agency corridor,728508,688659,536229,77.9,26.5,104.4,75.0,320,6.4,26041
2025-07,CA-AU-01,CA,Auto,Urban agency corridor,772126,779938,629784,80.7,24.6,105.4,71.1,350,6.6,27207
2025-08,CA-AU-01,CA,Auto,Urban agency corridor,1115452,1065015,847361,79.6,25.5,105.1,74.9,696,7.7,15839
2025-09,CA-AU-01,CA,Auto,Urban agency corridor,732821,716562,536558,74.9,23.8,98.7,71.7,455,6.2,18911
2025-10,CA-AU-01,CA,Auto,Urban agency corridor,939170,955472,703323,73.6,23.8,97.4,73.5,462,7.9,19300
2025-11,CA-AU-01,CA,Auto,Urban agency corridor,969023,934106,805936,86.3,23.6,109.9,72.6,553,10.1,14478
2025-12,CA-AU-01,CA,Auto,Urban agency corridor,805978,750595,635881,84.7,23.2,108.0,71.2,533,7.5,15929
2026-01,CA-AU-01,CA,Auto,Urban agency corridor,1034682,1009552,676160,67.0,24.5,91.4,71.2,640,6.4,16566
2026-02,CA-AU-01,CA,Auto,Urban agency corridor,855373,870443,652703,75.0,25.8,100.8,72.3,389,8.9,18894
2026-03,CA-AU-01,CA,Auto,Urban agency corridor,745276,748336,580721,77.6,26.6,104.2,71.6,311,7.8,23962
2025-04,CA-AU-02,CA,Auto,Rural farm belt,844789,827095,678058,82.0,28.1,110.0,73.9,624,6.6,16404
2025-05,CA-AU-02,CA,Auto,Rural farm belt,822305,805445,814037,101.1,23.2,124.3,73.0,386,11.4,18556
2025-06,CA-AU-02,CA,Auto,Rural farm belt,996062,974340,880870,90.4,27.2,117.6,71.9,569,9.2,16917
2025-07,CA-AU-02,CA,Auto,Rural farm belt,952215,914550,869203,95.0,24.2,119.2,72.6,665,10.9,12038
2025-08,CA-AU-02,CA,Auto,Rural farm belt,909781,894166,786118,87.9,23.1,111.0,68.3,673,8.1,14469
2025-09,CA-AU-02,CA,Auto,Rural farm belt,1132874,1085592,1036312,95.5,23.4,118.9,71.7,797,12.1,10737
2025-10,CA-AU-02,CA,Auto,Rural farm belt,1038053,1034687,976938,94.4,23.7,118.1,72.0,570,10.7,15989
2025-11,CA-AU-02,CA,Auto,Rural farm belt,855041,860143,747495,86.9,28.2,115.1,68.2,492,7.2,21110
2025-12,CA-AU-02,CA,Auto,Rural farm belt,878794,836134,682117,81.6,25.3,106.8,68.2,442,6.9,22326
2026-01,CA-AU-02,CA,Auto,Rural farm belt,846170,838221,694263,82.8,23.3,106.1,72.3,462,10.3,14600
2026-02,CA-AU-02,CA,Auto,Rural farm belt,1026739,1012373,882207,87.1,25.9,113.1,70.9,453,8.7,22423
2026-03,CA-AU-02,CA,Auto,Rural farm belt,898061,870642,823105,94.5,26.2,120.7,70.1,366,10.4,21653
2025-04,CA-AU-03,CA,Auto,Wildland interface,678676,684875,693511,101.3,23.1,124.3,68.5,412,10.9,15387
2025-05,CA-AU-03,CA,Auto,Wildland interface,966588,913195,1008103,110.4,26.1,136.4,71.9,689,12.2,11961
2025-06,CA-AU-03,CA,Auto,Wildland interface,826909,762386,817581,107.2,25.3,132.5,71.6,400,8.9,22885
2025-07,CA-AU-03,CA,Auto,Wildland interface,799842,791521,893789,112.9,28.4,141.3,68.7,465,10.9,17639
2025-08,CA-AU-03,CA,Auto,Wildland interface,1051469,977872,1110096,113.5,24.5,138.0,69.5,459,12.3,19595
2025-09,CA-AU-03,CA,Auto,Wildland interface,969160,926840,987784,106.6,25.5,132.1,71.5,430,9.1,25223
2025-10,CA-AU-03,CA,Auto,Wildland interface,938574,890459,854609,96.0,28.5,124.5,68.9,589,8.6,16954
2025-11,CA-AU-03,CA,Auto,Wildland interface,738326,741588,691268,93.2,24.5,117.7,66.9,341,9.4,21479
2025-12,CA-AU-03,CA,Auto,Wildland interface,797666,797320,802062,100.6,24.3,124.9,71.3,456,9.9,17834
2026-01,CA-AU-03,CA,Auto,Wildland interface,797847,766117,759601,99.1,25.2,124.4,71.0,525,13.1,11080
2026-02,CA-AU-03,CA,Auto,Wildland interface,1040101,1046624,1038778,99.3,23.8,123.0,72.2,497,10.1,20714
2026-03,CA-AU-03,CA,Auto,Wildland interface,1157205,1126275,1155207,102.6,27.1,129.7,69.1,592,9.6,20231
2025-04,CA-AU-04,CA,Auto,Mountain and hail belt,800186,771010,739125,95.9,27.5,123.3,68.1,519,10.0,14205
2025-05,CA-AU-04,CA,Auto,Mountain and hail belt,1039251,1023251,1004621,98.2,26.1,124.3,70.1,741,11.6,11682
2025-06,CA-AU-04,CA,Auto,Mountain and hail belt,785506,787645,822556,104.4,25.9,130.3,70.3,395,13.6,15324
2025-07,CA-AU-04,CA,Auto,Mountain and hail belt,751280,701427,712994,101.6,27.3,129.0,71.6,482,8.6,17117
2025-08,CA-AU-04,CA,Auto,Mountain and hail belt,1122282,1087025,1048282,96.4,27.7,124.1,68.2,559,8.1,23016
2025-09,CA-AU-04,CA,Auto,Mountain and hail belt,1100109,1056876,1057987,100.1,26.4,126.5,68.2,452,9.0,26004
2025-10,CA-AU-04,CA,Auto,Mountain and hail belt,756342,704301,727891,103.3,28.1,131.4,70.8,319,8.4,27042
2025-11,CA-AU-04,CA,Auto,Mountain and hail belt,1127719,1065898,1093787,102.6,23.9,126.5,68.4,489,11.2,19937
2025-12,CA-AU-04,CA,Auto,Mountain and hail belt,972427,932553,910645,97.7,23.9,121.6,70.2,658,11.7,11871
2026-01,CA-AU-04,CA,Auto,Mountain and hail belt,1159137,1117347,981447,87.8,26.0,113.9,70.6,664,7.2,20603
2026-02,CA-AU-04,CA,Auto,Mountain and hail belt,857490,825229,796093,96.5,28.3,124.7,73.0,354,10.4,21715
2026-03,CA-AU-04,CA,Auto,Mountain and hail belt,1052037,1054285,918004,87.1,28.3,115.4,71.3,475,8.1,23996
2025-04,CA-FR-01,CA,Farm and Ranch,Urban agency corridor,571393,580449,482953,83.2,30.4,113.6,79.3,258,7.1,26521
2025-05,CA-FR-01,CA,Farm and Ranch,Urban agency corridor,600107,606696,526060,86.7,31.4,118.1,80.1,448,7.5,15727
2025-06,CA-FR-01,CA,Farm and Ranch,Urban agency corridor,554885,522168,510834,97.8,31.0,128.8,82.4,230,8.6,25731
2025-07,CA-FR-01,CA,Farm and Ranch,Urban agency corridor,613240,566259,556038,98.2,30.4,128.6,84.2,316,10.3,17140
2025-08,CA-FR-01,CA,Farm and Ranch,Urban agency corridor,757724,751464,733329,97.6,30.4,128.0,83.5,365,9.7,20653
2025-09,CA-FR-01,CA,Farm and Ranch,Urban agency corridor,602987,591055,557230,94.3,29.9,124.2,81.3,461,12.1,9950
2025-10,CA-FR-01,CA,Farm and Ranch,Urban agency corridor,701525,689610,626927,90.9,26.3,117.2,81.0,349,10.0,17919
2025-11,CA-FR-01,CA,Farm and Ranch,Urban agency corridor,521395,487912,404982,83.0,31.3,114.3,83.6,229,7.1,25002
2025-12,CA-FR-01,CA,Farm and Ranch,Urban agency corridor,724557,724024,559585,77.3,28.4,105.7,83.0,467,7.1,16957
2026-01,CA-FR-01,CA,Farm and Ranch,Urban agency corridor,775862,775825,576600,74.3,28.0,102.3,79.7,343,6.1,27649
2026-02,CA-FR-01,CA,Farm and Ranch,Urban agency corridor,799732,753706,667821,88.6,31.0,119.6,82.5,382,7.4,23744
2026-03,CA-FR-01,CA,Farm and Ranch,Urban agency corridor,834695,784469,677241,86.3,26.5,112.8,81.0,450,9.8,15342
2025-04,CA-FR-02,CA,Farm and Ranch,Rural farm belt,611151,618484,579265,93.7,29.5,123.2,77.6,298,11.1,17543
2025-05,CA-FR-02,CA,Farm and Ranch,Rural farm belt,750562,749220,703874,93.9,28.5,122.4,77.7,335,8.9,23484
2025-06,CA-FR-02,CA,Farm and Ranch,Rural farm belt,797802,756553,781890,103.3,28.0,131.4,79.3,533,11.5,12705
2025-07,CA-FR-02,CA,Farm and Ranch,Rural farm belt,566759,556426,602989,108.4,27.7,136.1,81.0,313,14.4,13425
2025-08,CA-FR-02,CA,Farm and Ranch,Rural farm belt,528591,503390,521684,103.6,29.6,133.3,81.2,243,9.3,23161
2025-09,CA-FR-02,CA,Farm and Ranch,Rural farm belt,571849,531549,477447,89.8,27.5,117.3,78.3,231,7.2,28726
2025-10,CA-FR-02,CA,Farm and Ranch,Rural farm belt,799053,812414,782031,96.3,30.0,126.2,77.2,526,9.1,16369
2025-11,CA-FR-02,CA,Farm and Ranch,Rural farm belt,593983,569908,506626,88.9,31.3,120.2,80.2,297,10.1,16889
2025-12,CA-FR-02,CA,Farm and Ranch,Rural farm belt,664224,672880,643452,95.6,26.3,121.9,78.8,361,11.6,15301
2026-01,CA-FR-02,CA,Farm and Ranch,Rural farm belt,539137,498387,404935,81.2,30.7,112.0,81.9,236,6.7,25619
2026-02,CA-FR-02,CA,Farm and Ranch,Rural farm belt,598011,602612,547516,90.9,30.1,120.9,78.5,374,7.6,19276
2026-03,CA-FR-02,CA,Farm and Ranch,Rural farm belt,612509,624426,599236,96.0,26.4,122.4,82.0,311,8.4,23072
2025-04,CA-FR-03,CA,Farm and Ranch,Wildland interface,696675,671346,800792,119.3,31.1,150.3,70.3,404,10.8,18354
2025-05,CA-FR-03,CA,Farm and Ranch,Wildland interface,630845,611477,736347,120.4,30.7,151.1,70.8,450,10.2,16090
2025-06,CA-FR-03,CA,Farm and Ranch,Wildland interface,537362,503416,589779,117.2,27.1,144.3,75.4,261,11.2,20094
2025-07,CA-FR-03,CA,Farm and Ranch,Wildland interface,795106,773321,922556,119.3,28.0,147.3,70.5,362,11.0,23252
2025-08,CA-FR-03,CA,Farm and Ranch,Wildland interface,772678,712870,857309,120.3,29.6,149.8,72.4,369,9.8,23678
2025-09,CA-FR-03,CA,Farm and Ranch,Wildland interface,760948,711774,759143,106.7,30.5,137.1,74.0,401,8.7,21790
2025-10,CA-FR-03,CA,Farm and Ranch,Wildland interface,686002,631520,750397,118.8,29.4,148.3,75.8,388,10.6,18161
2025-11,CA-FR-03,CA,Farm and Ranch,Wildland interface,736278,747868,806089,107.8,26.8,134.6,70.3,375,11.8,18180
2025-12,CA-FR-03,CA,Farm and Ranch,Wildland interface,515646,478041,534794,111.9,27.8,139.7,72.4,328,9.1,17963
2026-01,CA-FR-03,CA,Farm and Ranch,Wildland interface,788782,732715,799058,109.1,26.5,135.5,74.7,464,9.7,17785
2026-02,CA-FR-03,CA,Farm and Ranch,Wildland interface,722495,673409,697470,103.6,28.1,131.7,74.9,419,9.5,17558
2026-03,CA-FR-03,CA,Farm and Ranch,Wildland interface,550346,542945,610906,112.5,28.6,141.1,73.0,239,11.4,22450
2025-04,CA-FR-04,CA,Farm and Ranch,Mountain and hail belt,610819,587975,569183,96.8,27.6,124.4,76.1,389,8.9,16523
2025-05,CA-FR-04,CA,Farm and Ranch,Mountain and hail belt,525938,509914,566263,111.1,28.6,139.7,75.1,290,9.2,21163
2025-06,CA-FR-04,CA,Farm and Ranch,Mountain and hail belt,632309,591121,618817,104.7,30.9,135.6,78.4,319,11.7,16636
2025-07,CA-FR-04,CA,Farm and Ranch,Mountain and hail belt,497894,461873,481147,104.2,26.1,130.3,75.9,339,9.6,14720
2025-08,CA-FR-04,CA,Farm and Ranch,Mountain and hail belt,669468,632874,677003,107.0,26.0,133.0,76.4,458,9.9,14935
2025-09,CA-FR-04,CA,Farm and Ranch,Mountain and hail belt,546883,513097,547946,106.8,26.0,132.8,78.6,322,10.2,16630
2025-10,CA-FR-04,CA,Farm and Ranch,Mountain and hail belt,640402,632094,678265,107.3,27.1,134.4,79.1,280,12.7,19044
2025-11,CA-FR-04,CA,Farm and Ranch,Mountain and hail belt,555289,552348,570610,103.3,30.7,134.0,74.0,296,13.7,14050
2025-12,CA-FR-04,CA,Farm and Ranch,Mountain and hail belt,535914,502245,493982,98.4,29.7,128.0,78.5,212,9.4,24898
2026-01,CA-FR-04,CA,Farm and Ranch,Mountain and hail belt,662473,650450,691566,106.3,27.7,134.0,77.4,318,11.2,19381
2026-02,CA-FR-04,CA,Farm and Ranch,Mountain and hail belt,604629,563822,507533,90.0,26.2,116.2,73.4,238,7.6,27942
2026-03,CA-FR-04,CA,Farm and Ranch,Mountain and hail belt,576642,567913,591360,104.1,28.1,132.2,77.1,263,12.3,18257
2025-04,CA-UM-01,CA,Umbrella,Urban agency corridor,183617,181829,120372,66.2,21.3,87.5,83.8,160,7.8,9667
2025-05,CA-UM-01,CA,Umbrella,Urban agency corridor,231382,232165,120163,51.8,18.5,70.3,82.4,190,4.2,15149
2025-06,CA-UM-01,CA,Umbrella,Urban agency corridor,264217,262554,165469,63.0,21.8,84.8,80.4,246,6.3,10599
2025-07,CA-UM-01,CA,Umbrella,Urban agency corridor,236681,232220,151051,65.0,23.4,88.4,81.6,190,6.4,12395
2025-08,CA-UM-01,CA,Umbrella,Urban agency corridor,218874,208277,111305,53.4,23.9,77.3,81.1,197,5.4,10545
2025-09,CA-UM-01,CA,Umbrella,Urban agency corridor,279425,266761,169116,63.4,18.6,82.0,80.4,308,6.9,7985
2025-10,CA-UM-01,CA,Umbrella,Urban agency corridor,199637,188052,122637,65.2,20.5,85.7,82.3,144,6.0,14084
2025-11,CA-UM-01,CA,Umbrella,Urban agency corridor,189127,179545,107128,59.7,24.3,83.9,83.6,150,5.3,13374
2025-12,CA-UM-01,CA,Umbrella,Urban agency corridor,267792,267786,162295,60.6,22.2,82.8,80.3,215,5.6,13496
2026-01,CA-UM-01,CA,Umbrella,Urban agency corridor,191134,179656,100203,55.8,19.1,74.9,81.1,127,6.2,12757
2026-02,CA-UM-01,CA,Umbrella,Urban agency corridor,201738,186548,85311,45.7,23.8,69.5,80.8,221,3.9,9825
2026-03,CA-UM-01,CA,Umbrella,Urban agency corridor,284232,262402,125972,48.0,21.1,69.1,82.3,321,5.6,7047
2025-04,CA-UM-02,CA,Umbrella,Rural farm belt,196403,183660,123412,67.2,21.6,88.8,83.7,151,5.5,14757
2025-05,CA-UM-02,CA,Umbrella,Rural farm belt,216667,209238,150901,72.1,19.2,91.3,80.3,182,6.3,13119
2025-06,CA-UM-02,CA,Umbrella,Rural farm belt,275328,275978,163749,59.3,19.1,78.5,83.5,208,4.9,15995
2025-07,CA-UM-02,CA,Umbrella,Rural farm belt,187557,178031,119485,67.1,21.5,88.7,84.1,221,6.3,8648
2025-08,CA-UM-02,CA,Umbrella,Rural farm belt,208921,195086,144077,73.9,21.1,95.0,82.2,155,8.5,10983
2025-09,CA-UM-02,CA,Umbrella,Rural farm belt,264552,252418,166749,66.1,19.0,85.1,81.9,202,7.1,11625
2025-10,CA-UM-02,CA,Umbrella,Rural farm belt,249530,233351,159464,68.3,21.0,89.4,81.0,182,7.1,12266
2025-11,CA-UM-02,CA,Umbrella,Rural farm belt,221377,213823,145227,67.9,23.3,91.2,81.8,283,8.3,6217
2025-12,CA-UM-02,CA,Umbrella,Rural farm belt,176114,176224,119750,68.0,19.0,87.0,81.6,125,8.2,11732
2026-01,CA-UM-02,CA,Umbrella,Rural farm belt,183200,182452,113599,62.3,22.3,84.6,85.1,235,5.8,8275
2026-02,CA-UM-02,CA,Umbrella,Rural farm belt,261210,257562,155371,60.3,20.3,80.6,82.1,215,5.9,12301
2026-03,CA-UM-02,CA,Umbrella,Rural farm belt,214181,212953,146815,68.9,18.5,87.5,81.4,194,5.7,13285
2025-04,CA-UM-03,CA,Umbrella,Wildland interface,239134,236682,192685,81.4,23.2,104.6,77.1,272,9.0,7838
2025-05,CA-UM-03,CA,Umbrella,Wildland interface,171848,163848,132807,81.1,22.9,104.0,75.4,116,9.1,12599
2025-06,CA-UM-03,CA,Umbrella,Wildland interface,179190,174743,138516,79.3,23.0,102.3,75.7,231,6.9,8686
2025-07,CA-UM-03,CA,Umbrella,Wildland interface,236847,223615,188973,84.5,22.9,107.4,80.6,276,10.8,6319
2025-08,CA-UM-03,CA,Umbrella,Wildland interface,213291,209601,159852,76.3,18.8,95.1,78.6,255,8.5,7389
2025-09,CA-UM-03,CA,Umbrella,Wildland interface,256271,247382,211997,85.7,23.3,109.0,80.6,221,7.2,13401
2025-10,CA-UM-03,CA,Umbrella,Wildland interface,245237,238696,181773,76.2,20.6,96.8,76.4,188,6.9,14061
2025-11,CA-UM-03,CA,Umbrella,Wildland interface,251885,249728,180345,72.2,20.0,92.2,76.7,221,6.2,13124
2025-12,CA-UM-03,CA,Umbrella,Wildland interface,217090,201850,148947,73.8,23.5,97.3,75.2,259,6.2,9307
2026-01,CA-UM-03,CA,Umbrella,Wildland interface,231864,223660,149718,66.9,21.7,88.6,78.2,205,7.1,10336
2026-02,CA-UM-03,CA,Umbrella,Wildland interface,208142,201873,138490,68.6,21.1,89.7,80.3,189,5.5,13209
2026-03,CA-UM-03,CA,Umbrella,Wildland interface,275846,257760,167933,65.2,22.8,87.9,75.5,212,5.5,14367
2025-04,CA-UM-04,CA,Umbrella,Mountain and hail belt,207720,210874,153323,72.7,21.0,93.7,77.7,187,9.4,8685
2025-05,CA-UM-04,CA,Umbrella,Mountain and hail belt,184855,176933,145375,82.2,20.3,102.5,79.9,139,10.0,10451
2025-06,CA-UM-04,CA,Umbrella,Mountain and hail belt,235080,217418,178744,82.2,23.8,106.0,78.3,168,8.3,12869
2025-07,CA-UM-04,CA,Umbrella,Mountain and hail belt,183629,175340,144549,82.4,21.0,103.4,80.4,156,6.9,13489
2025-08,CA-UM-04,CA,Umbrella,Mountain and hail belt,259795,251358,198765,79.1,22.1,101.2,81.6,233,8.1,10577
2025-09,CA-UM-04,CA,Umbrella,Mountain and hail belt,223398,215558,172273,79.9,20.5,100.4,81.8,181,8.4,11371
2025-10,CA-UM-04,CA,Umbrella,Mountain and hail belt,199719,191639,137247,71.6,24.2,95.9,82.3,155,6.7,13266
2025-11,CA-UM-04,CA,Umbrella,Mountain and hail belt,274323,271778,189510,69.7,23.3,93.0,81.2,243,8.6,9080
2025-12,CA-UM-04,CA,Umbrella,Mountain and hail belt,240194,225600,155168,68.8,22.0,90.7,77.3,201,8.1,9481
2026-01,CA-UM-04,CA,Umbrella,Mountain and hail belt,231815,234061,138454,59.2,24.1,83.3,78.1,312,5.2,8578
2026-02,CA-UM-04,CA,Umbrella,Mountain and hail belt,205969,204025,150206,73.6,21.2,94.8,81.8,178,7.7,10899
2026-03,CA-UM-04,CA,Umbrella,Mountain and hail belt,183396,184532,110447,59.9,21.1,81.0,79.5,140,6.6,11977
2025-04,WY-HO-01,WY,Home,Urban agency corridor,878417,816017,505427,61.9,28.9,90.9,78.6,417,6.8,17859
2025-05,WY-HO-01,WY,Home,Urban agency corridor,768884,711871,467624,65.7,28.4,94.1,80.1,438,7.0,15241
2025-06,WY-HO-01,WY,Home,Urban agency corridor,1179173,1099103,703064,64.0,31.0,95.0,81.1,604,5.7,20493
2025-07,WY-HO-01,WY,Home,Urban agency corridor,960769,894964,555025,62.0,29.3,91.3,80.0,495,6.5,17244
2025-08,WY-HO-01,WY,Home,Urban agency corridor,889033,896692,584337,65.2,32.3,97.4,81.7,584,6.3,15774
2025-09,WY-HO-01,WY,Home,Urban agency corridor,1178914,1120512,739448,66.0,27.0,93.0,81.4,755,5.3,18313
2025-10,WY-HO-01,WY,Home,Urban agency corridor,972231,990247,698049,70.5,29.7,100.2,80.1,430,7.2,22473
2025-11,WY-HO-01,WY,Home,Urban agency corridor,783668,757388,523280,69.1,28.2,97.3,83.4,605,5.7,15232
2025-12,WY-HO-01,WY,Home,Urban agency corridor,1041047,1020004,689745,67.6,28.8,96.4,79.7,515,6.5,20649
2026-01,WY-HO-01,WY,Home,Urban agency corridor,1062069,981934,640341,65.2,29.9,95.1,79.4,576,8.0,13834
2026-02,WY-HO-01,WY,Home,Urban agency corridor,871328,850109,489163,57.5,29.1,86.6,81.3,361,6.3,21409
2026-03,WY-HO-01,WY,Home,Urban agency corridor,1166367,1113021,655190,58.9,31.0,89.9,80.3,726,4.7,19033
2025-04,WY-HO-02,WY,Home,Rural farm belt,1074004,988304,708648,71.7,31.9,103.6,82.2,572,6.0,20693
2025-05,WY-HO-02,WY,Home,Rural farm belt,1109293,1105130,832182,75.3,31.2,106.5,82.0,825,9.8,10254
2025-06,WY-HO-02,WY,Home,Rural farm belt,1181372,1166205,927579,79.5,28.6,108.2,83.0,529,8.6,20480
2025-07,WY-HO-02,WY,Home,Rural farm belt,854826,852087,687220,80.7,26.6,107.2,80.9,366,8.3,22636
2025-08,WY-HO-02,WY,Home,Rural farm belt,882767,813892,590057,72.5,32.0,104.5,80.3,601,6.9,14310
2025-09,WY-HO-02,WY,Home,Rural farm belt,930238,922592,644265,69.8,29.5,99.3,80.3,586,5.8,18928
2025-10,WY-HO-02,WY,Home,Rural farm belt,1145399,1077716,718358,66.7,31.4,98.1,80.5,478,6.4,23325
2025-11,WY-HO-02,WY,Home,Rural farm belt,1041067,1015226,736178,72.5,29.9,102.4,82.2,534,9.3,14880
2025-12,WY-HO-02,WY,Home,Rural farm belt,855158,792308,503016,63.5,29.9,93.4,79.5,427,5.6,21174
2026-01,WY-HO-02,WY,Home,Rural farm belt,893816,882909,671031,76.0,30.7,106.7,81.3,572,7.4,15899
2026-02,WY-HO-02,WY,Home,Rural farm belt,1038338,1052655,740560,70.4,32.2,102.5,78.5,451,7.3,22553
2026-03,WY-HO-02,WY,Home,Rural farm belt,1333673,1263527,920855,72.9,29.3,102.2,80.3,595,6.1,25311
2025-04,WY-HO-03,WY,Home,Wildland interface,847922,787025,672881,85.5,26.7,112.1,75.2,331,8.9,22872
2025-05,WY-HO-03,WY,Home,Wildland interface,792682,749083,607333,81.1,28.4,109.4,74.5,550,8.2,13483
2025-06,WY-HO-03,WY,Home,Wildland interface,1169202,1144945,1047869,91.5,28.5,120.0,72.2,833,10.5,11947
2025-07,WY-HO-03,WY,Home,Wildland interface,938217,868267,755677,87.0,31.3,118.3,76.4,405,8.2,22720
2025-08,WY-HO-03,WY,Home,Wildland interface,1160991,1140714,1034272,90.7,27.0,117.7,71.1,885,10.0,11686
2025-09,WY-HO-03,WY,Home,Wildland interface,1211145,1122130,902324,80.4,32.0,112.4,73.4,702,7.6,16993
2025-10,WY-HO-03,WY,Home,Wildland interface,812633,802684,684453,85.3,28.3,113.5,73.0,590,7.6,15319
2025-11,WY-HO-03,WY,Home,Wildland interface,904852,886717,746322,84.2,26.6,110.7,73.0,409,7.1,25799
2025-12,WY-HO-03,WY,Home,Wildland interface,1113023,1061782,924138,87.0,31.2,118.2,73.5,652,10.3,13781
2026-01,WY-HO-03,WY,Home,Wildland interface,846711,829368,585497,70.6,31.2,101.8,71.9,434,6.6,20422
2026-02,WY-HO-03,WY,Home,Wildland interface,933310,897938,747113,83.2,29.2,112.4,72.2,414,10.7,16923
2026-03,WY-HO-03,WY,Home,Wildland interface,968364,933101,835752,89.6,31.0,120.6,72.6,411,7.9,25830
2025-04,WY-HO-04,WY,Home,Mountain and hail belt,1043980,1031275,744681,72.2,29.5,101.8,77.1,460,7.5,21545
2025-05,WY-HO-04,WY,Home,Mountain and hail belt,853585,802402,724587,90.3,31.2,121.5,74.1,397,8.2,22180
2025-06,WY-HO-04,WY,Home,Mountain and hail belt,1257277,1232102,1009566,81.9,30.0,111.9,77.9,629,8.5,18792
2025-07,WY-HO-04,WY,Home,Mountain and hail belt,847228,817940,743719,90.9,26.8,117.7,73.4,652,10.6,10808
2025-08,WY-HO-04,WY,Home,Mountain and hail belt,887255,871632,699749,80.3,30.9,111.2,77.8,534,7.2,18282
2025-09,WY-HO-04,WY,Home,Mountain and hail belt,879752,825581,757611,91.8,28.7,120.4,72.5,642,11.4,10385
2025-10,WY-HO-04,WY,Home,Mountain and hail belt,929295,873018,713433,81.7,31.1,112.8,72.3,679,9.6,10915
2025-11,WY-HO-04,WY,Home,Mountain and hail belt,874067,881530,717088,81.3,28.5,109.9,75.4,605,10.7,11085
2025-12,WY-HO-04,WY,Home,Mountain and hail belt,1230485,1244100,830511,66.8,30.6,97.3,74.4,577,8.3,17367
2026-01,WY-HO-04,WY,Home,Mountain and hail belt,1287014,1223316,855811,70.0,31.4,101.3,76.0,524,5.6,28915
2026-02,WY-HO-04,WY,Home,Mountain and hail belt,1327302,1338142,1099806,82.2,26.9,109.1,72.9,578,7.2,26565
2026-03,WY-HO-04,WY,Home,Mountain and hail belt,904230,866089,650808,75.1,30.1,105.2,77.9,565,9.7,11851
2025-04,WY-AU-01,WY,Auto,Urban agency corridor,602723,602459,466347,77.4,27.6,105.0,80.3,265,9.1,19429
2025-05,WY-AU-01,WY,Auto,Urban agency corridor,617453,597119,454278,76.1,22.9,99.0,77.6,282,7.1,22710
2025-06,WY-AU-01,WY,Auto,Urban agency corridor,789304,765514,568607,74.3,24.4,98.7,76.8,373,6.7,22736
2025-07,WY-AU-01,WY,Auto,Urban agency corridor,788463,746543,550887,73.8,28.0,101.8,78.0,577,8.6,11124
2025-08,WY-AU-01,WY,Auto,Urban agency corridor,677230,681508,497823,73.0,24.3,97.4,79.9,357,6.0,23247
2025-09,WY-AU-01,WY,Auto,Urban agency corridor,749786,731082,486560,66.6,23.0,89.6,77.2,441,6.4,17274
2025-10,WY-AU-01,WY,Auto,Urban agency corridor,790983,776834,538857,69.4,25.3,94.7,77.0,357,7.6,19769
2025-11,WY-AU-01,WY,Auto,Urban agency corridor,762156,714869,453691,63.5,26.4,89.8,76.7,531,5.4,15769
2025-12,WY-AU-01,WY,Auto,Urban agency corridor,819808,806991,577940,71.6,28.1,99.7,75.1,605,9.3,10259
2026-01,WY-AU-01,WY,Auto,Urban agency corridor,696627,654596,410717,62.7,24.3,87.1,79.4,321,7.1,18093
2026-02,WY-AU-01,WY,Auto,Urban agency corridor,908977,926975,699330,75.4,27.0,102.5,79.0,403,10.0,17350
2026-03,WY-AU-01,WY,Auto,Urban agency corridor,745922,747586,548376,73.4,24.9,98.3,77.0,389,6.8,20711
2025-04,WY-AU-02,WY,Auto,Rural farm belt,670113,666704,516668,77.5,25.6,103.1,77.4,314,7.0,23595
2025-05,WY-AU-02,WY,Auto,Rural farm belt,765820,765201,591384,77.3,23.6,100.9,77.3,372,9.0,17583
2025-06,WY-AU-02,WY,Auto,Rural farm belt,766053,747548,600773,80.4,26.0,106.3,73.4,320,10.6,17634
2025-07,WY-AU-02,WY,Auto,Rural farm belt,913211,916343,737287,80.5,25.0,105.5,76.8,534,7.1,19551
2025-08,WY-AU-02,WY,Auto,Rural farm belt,810291,771890,571503,74.0,27.2,101.3,78.2,541,6.0,17497
2025-09,WY-AU-02,WY,Auto,Rural farm belt,732240,719780,593844,82.5,26.1,108.7,77.9,302,9.7,20309
2025-10,WY-AU-02,WY,Auto,Rural farm belt,760950,740747,535901,72.3,23.2,95.5,76.1,418,6.0,21219
2025-11,WY-AU-02,WY,Auto,Rural farm belt,645090,600212,457451,76.2,22.7,98.9,76.8,331,9.0,15293
2025-12,WY-AU-02,WY,Auto,Rural farm belt,639252,649672,450869,69.4,23.9,93.3,76.6,488,8.9,10367
2026-01,WY-AU-02,WY,Auto,Rural farm belt,827006,775056,612634,79.0,25.0,104.0,73.6,562,7.8,14042
2026-02,WY-AU-02,WY,Auto,Rural farm belt,815266,755651,615723,81.5,27.7,109.2,73.4,508,8.4,14371
2026-03,WY-AU-02,WY,Auto,Rural farm belt,915958,886169,683496,77.1,28.1,105.3,76.2,484,7.1,20001
2025-04,WY-AU-03,WY,Auto,Wildland interface,895423,870875,857024,98.4,27.8,126.2,71.5,455,8.8,21411
2025-05,WY-AU-03,WY,Auto,Wildland interface,698082,703736,657208,93.4,26.7,120.1,73.0,442,8.8,16821
2025-06,WY-AU-03,WY,Auto,Wildland interface,907485,850778,782426,92.0,27.9,119.9,73.1,478,7.6,21455
2025-07,WY-AU-03,WY,Auto,Wildland interface,665400,650003,620165,95.4,28.2,123.6,70.2,288,10.8,20017
2025-08,WY-AU-03,WY,Auto,Wildland interface,846272,803272,835200,104.0,26.7,130.7,73.1,535,10.4,14966
2025-09,WY-AU-03,WY,Auto,Wildland interface,997146,972499,1002554,103.1,23.0,126.0,69.3,456,11.3,19471
2025-10,WY-AU-03,WY,Auto,Wildland interface,785220,742250,676436,91.1,25.3,116.4,69.2,362,8.1,23064
2025-11,WY-AU-03,WY,Auto,Wildland interface,761664,757548,714194,94.3,24.9,119.2,68.8,548,7.8,16707
2025-12,WY-AU-03,WY,Auto,Wildland interface,744181,740361,631471,85.3,22.9,108.2,72.0,484,7.0,18739
2026-01,WY-AU-03,WY,Auto,Wildland interface,672024,673397,611919,90.9,23.5,114.4,68.8,493,10.1,12253
2026-02,WY-AU-03,WY,Auto,Wildland interface,838510,804203,626982,78.0,27.1,105.0,72.8,563,8.4,13271
2026-03,WY-AU-03,WY,Auto,Wildland interface,711599,657122,598139,91.0,23.8,114.8,72.9,297,7.9,25571
2025-04,WY-AU-04,WY,Auto,Mountain and hail belt,602396,554485,507750,91.6,27.1,118.7,75.2,329,10.5,14650
2025-05,WY-AU-04,WY,Auto,Mountain and hail belt,621350,597843,588717,98.5,24.5,123.0,70.7,296,11.4,17375
2025-06,WY-AU-04,WY,Auto,Mountain and hail belt,935889,935601,915106,97.8,23.5,121.3,70.6,541,12.2,13902
2025-07,WY-AU-04,WY,Auto,Mountain and hail belt,722197,705013,613901,87.1,23.7,110.8,72.8,302,10.7,18919
2025-08,WY-AU-04,WY,Auto,Mountain and hail belt,681516,651296,560027,86.0,24.9,110.9,71.5,383,8.8,16655
2025-09,WY-AU-04,WY,Auto,Mountain and hail belt,626526,627471,579566,92.4,24.7,117.1,70.0,417,10.3,13554
2025-10,WY-AU-04,WY,Auto,Mountain and hail belt,844761,860229,683887,79.5,25.7,105.2,75.5,386,9.5,18625
2025-11,WY-AU-04,WY,Auto,Mountain and hail belt,995642,975716,900929,92.3,26.7,119.0,73.6,412,8.4,25976
2025-12,WY-AU-04,WY,Auto,Mountain and hail belt,746191,733905,648670,88.4,24.4,112.8,74.7,406,9.6,16586
2026-01,WY-AU-04,WY,Auto,Mountain and hail belt,863881,845310,664024,78.6,26.3,104.9,71.0,438,6.3,24012
2026-02,WY-AU-04,WY,Auto,Mountain and hail belt,714032,700919,621131,88.6,24.4,113.0,74.0,330,8.4,22512
2026-03,WY-AU-04,WY,Auto,Mountain and hail belt,646623,619111,495342,80.0,23.4,103.4,70.8,478,6.6,15694
2025-04,WY-FR-01,WY,Farm and Ranch,Urban agency corridor,591015,588680,443251,75.3,31.4,106.7,84.2,372,9.9,12056
2025-05,WY-FR-01,WY,Farm and Ranch,Urban agency corridor,651091,620572,452197,72.9,28.7,101.6,85.7,308,8.3,17613
2025-06,WY-FR-01,WY,Farm and Ranch,Urban agency corridor,610560,605646,492670,81.3,27.8,109.1,82.2,344,10.8,13258
2025-07,WY-FR-01,WY,Farm and Ranch,Urban agency corridor,665561,616974,460008,74.6,29.3,103.9,81.1,415,9.4,11832
2025-08,WY-FR-01,WY,Farm and Ranch,Urban agency corridor,591281,593127,517051,87.2,26.9,114.1,80.7,284,9.6,18916
2025-09,WY-FR-01,WY,Farm and Ranch,Urban agency corridor,631543,596488,427581,71.7,27.0,98.7,82.0,337,6.7,18900
2025-10,WY-FR-01,WY,Farm and Ranch,Urban agency corridor,506709,505760,340682,67.4,31.3,98.7,82.7,350,6.9,14027
2025-11,WY-FR-01,WY,Farm and Ranch,Urban agency corridor,576895,573141,441425,77.0,30.4,107.4,85.0,450,8.2,11981
2025-12,WY-FR-01,WY,Farm and Ranch,Urban agency corridor,681252,678449,529370,78.0,29.1,107.1,81.2,325,8.9,18342
2026-01,WY-FR-01,WY,Farm and Ranch,Urban agency corridor,571634,551832,372477,67.5,29.1,96.6,80.7,392,6.9,13861
2026-02,WY-FR-01,WY,Farm and Ranch,Urban agency corridor,484534,454959,280572,61.7,28.5,90.2,84.6,250,5.1,22072
2026-03,WY-FR-01,WY,Farm and Ranch,Urban agency corridor,718735,730988,512053,70.0,28.4,98.5,84.1,379,7.3,18408
2025-04,WY-FR-02,WY,Farm and Ranch,Rural farm belt,533859,504777,454580,90.1,29.8,119.9,80.7,278,8.2,19869
2025-05,WY-FR-02,WY,Farm and Ranch,Rural farm belt,609345,600260,559166,93.2,29.9,123.1,79.1,465,8.1,14930
2025-06,WY-FR-02,WY,Farm and Ranch,Rural farm belt,594818,587468,535315,91.1,29.4,120.5,79.2,331,8.4,19355
2025-07,WY-FR-02,WY,Farm and Ranch,Rural farm belt,492680,482932,465862,96.5,30.5,127.0,77.7,226,9.0,22911
2025-08,WY-FR-02,WY,Farm and Ranch,Rural farm belt,682900,655424,584107,89.1,30.9,120.0,80.8,446,9.3,14129
2025-09,WY-FR-02,WY,Farm and Ranch,Rural farm belt,662265,626031,512824,81.9,31.3,113.2,81.6,370,9.1,15295
2025-10,WY-FR-02,WY,Farm and Ranch,Rural farm belt,546673,550850,477684,86.7,26.0,112.8,81.5,257,9.4,19766
2025-11,WY-FR-02,WY,Farm and Ranch,Rural farm belt,472586,470163,411409,87.5,27.9,115.4,79.5,197,7.6,27642
2025-12,WY-FR-02,WY,Farm and Ranch,Rural farm belt,434552,402823,327115,81.2,28.6,109.9,81.6,192,9.7,17525
2026-01,WY-FR-02,WY,Farm and Ranch,Rural farm belt,545725,540489,386293,71.5,26.6,98.1,83.3,305,6.2,20506
2026-02,WY-FR-02,WY,Farm and Ranch,Rural farm belt,493586,457010,328870,72.0,30.1,102.0,79.2,199,7.5,21918
2026-03,WY-FR-02,WY,Farm and Ranch,Rural farm belt,626415,615417,531682,86.4,26.5,112.9,79.4,365,9.7,14979
2025-04,WY-FR-03,WY,Farm and Ranch,Wildland interface,430401,428326,375257,87.6,29.0,116.6,79.1,314,8.7,13793
2025-05,WY-FR-03,WY,Farm and Ranch,Wildland interface,418147,409909,445104,108.6,30.1,138.7,78.8,228,11.8,16513
2025-06,WY-FR-03,WY,Farm and Ranch,Wildland interface,538573,515457,563347,109.3,31.5,140.8,78.1,221,10.1,25249
2025-07,WY-FR-03,WY,Farm and Ranch,Wildland interface,527546,488362,491156,100.6,27.5,128.1,73.8,275,9.1,19519
2025-08,WY-FR-03,WY,Farm and Ranch,Wildland interface,628745,634276,607431,95.8,29.1,124.9,78.4,403,8.7,17307
2025-09,WY-FR-03,WY,Farm and Ranch,Wildland interface,658087,629686,641979,102.0,29.5,131.4,76.1,365,12.1,14560
2025-10,WY-FR-03,WY,Farm and Ranch,Wildland interface,710987,722188,737406,102.1,25.6,127.7,75.4,554,8.8,15041
2025-11,WY-FR-03,WY,Farm and Ranch,Wildland interface,525178,506498,481477,95.1,27.9,123.0,76.9,376,9.9,12985
2025-12,WY-FR-03,WY,Farm and Ranch,Wildland interface,703664,712871,708989,99.5,30.6,130.1,78.7,340,11.1,18806
2026-01,WY-FR-03,WY,Farm and Ranch,Wildland interface,493450,461038,415660,90.2,28.9,119.1,78.4,251,11.1,14950
2026-02,WY-FR-03,WY,Farm and Ranch,Wildland interface,672551,639014,599440,93.8,28.8,122.6,78.5,442,9.6,14069
2026-03,WY-FR-03,WY,Farm and Ranch,Wildland interface,475864,469328,415235,88.5,26.8,115.2,77.7,233,11.1,16008
2025-04,WY-FR-04,WY,Farm and Ranch,Mountain and hail belt,624846,588629,515034,87.5,28.4,115.9,83.9,422,10.7,11408
2025-05,WY-FR-04,WY,Farm and Ranch,Mountain and hail belt,564427,560217,491131,87.7,29.7,117.3,83.8,241,7.7,26341
2025-06,WY-FR-04,WY,Farm and Ranch,Mountain and hail belt,586368,577220,549249,95.2,29.8,125.0,83.0,341,8.9,18130
2025-07,WY-FR-04,WY,Farm and Ranch,Mountain and hail belt,579071,582322,604288,103.8,26.8,130.6,79.2,431,13.1,10735
2025-08,WY-FR-04,WY,Farm and Ranch,Mountain and hail belt,633085,641772,653139,101.8,26.2,128.0,80.8,287,8.3,27438
2025-09,WY-FR-04,WY,Farm and Ranch,Mountain and hail belt,590394,543262,473474,87.2,28.7,115.9,83.6,228,9.6,21679
2025-10,WY-FR-04,WY,Farm and Ranch,Mountain and hail belt,533351,526913,512150,97.2,28.6,125.8,82.2,350,10.3,14267
2025-11,WY-FR-04,WY,Farm and Ranch,Mountain and hail belt,586389,566487,466131,82.3,31.2,113.4,83.6,310,8.4,17870
2025-12,WY-FR-04,WY,Farm and Ranch,Mountain and hail belt,608157,568376,507720,89.3,30.3,119.6,82.8,293,9.9,17545
2026-01,WY-FR-04,WY,Farm and Ranch,Mountain and hail belt,724955,675909,638350,94.4,29.7,124.2,81.4,306,9.5,22034
2026-02,WY-FR-04,WY,Farm and Ranch,Mountain and hail belt,645413,618093,587265,95.0,27.5,122.5,83.5,414,8.5,16667
2026-03,WY-FR-04,WY,Farm and Ranch,Mountain and hail belt,680485,673708,543185,80.6,30.7,111.3,79.6,372,8.5,17131
2025-04,WY-UM-01,WY,Umbrella,Urban agency corridor,178246,176070,104687,59.5,23.0,82.5,86.0,161,6.7,9750
2025-05,WY-UM-01,WY,Umbrella,Urban agency corridor,214391,201423,118400,58.8,20.9,79.6,84.4,161,5.7,13014
2025-06,WY-UM-01,WY,Umbrella,Urban agency corridor,226389,227516,130625,57.4,21.2,78.7,84.6,274,5.2,9117
2025-07,WY-UM-01,WY,Umbrella,Urban agency corridor,176986,165390,81095,49.0,23.0,72.0,88.0,223,4.4,8255
2025-08,WY-UM-01,WY,Umbrella,Urban agency corridor,206358,203847,127269,62.4,19.4,81.8,89.3,199,5.3,11993
2025-09,WY-UM-01,WY,Umbrella,Urban agency corridor,242645,225564,137377,60.9,19.6,80.5,83.9,161,5.7,15062
2025-10,WY-UM-01,WY,Umbrella,Urban agency corridor,210639,214214,113357,52.9,20.9,73.8,83.8,238,5.3,8949
2025-11,WY-UM-01,WY,Umbrella,Urban agency corridor,221474,224897,116149,51.6,20.8,72.4,87.8,176,4.8,13791
2025-12,WY-UM-01,WY,Umbrella,Urban agency corridor,231929,233435,117485,50.3,20.2,70.5,87.5,237,6.2,7978
2026-01,WY-UM-01,WY,Umbrella,Urban agency corridor,162104,157066,78841,50.2,21.6,71.8,83.8,139,4.8,11710
2026-02,WY-UM-01,WY,Umbrella,Urban agency corridor,182744,181746,96183,52.9,19.6,72.5,86.5,155,5.5,11337
2026-03,WY-UM-01,WY,Umbrella,Urban agency corridor,214663,199624,81922,41.0,24.0,65.0,88.4,232,3.5,9951
2025-04,WY-UM-02,WY,Umbrella,Rural farm belt,195852,191636,114310,59.6,23.2,82.9,81.9,153,4.8,15442
2025-05,WY-UM-02,WY,Umbrella,Rural farm belt,234033,219539,130634,59.5,19.6,79.1,84.5,171,7.3,10419
2025-06,WY-UM-02,WY,Umbrella,Rural farm belt,159971,150473,79790,53.0,21.9,74.9,86.2,198,4.3,9423
2025-07,WY-UM-02,WY,Umbrella,Rural farm belt,198238,189586,114582,60.4,21.0,81.5,86.8,257,6.7,6641
2025-08,WY-UM-02,WY,Umbrella,Rural farm belt,243196,236373,151786,64.2,22.5,86.7,83.8,209,5.9,12413
2025-09,WY-UM-02,WY,Umbrella,Rural farm belt,202305,206068,113458,55.1,21.7,76.8,82.4,256,4.7,9337
2025-10,WY-UM-02,WY,Umbrella,Rural farm belt,174789,164093,85651,52.2,23.5,75.7,86.9,143,6.1,9846
2025-11,WY-UM-02,WY,Umbrella,Rural farm belt,188180,175543,98455,56.1,18.9,75.0,82.7,176,4.7,11987
2025-12,WY-UM-02,WY,Umbrella,Rural farm belt,193473,179606,86310,48.1,21.1,69.1,85.3,163,6.1,8653
2026-01,WY-UM-02,WY,Umbrella,Rural farm belt,228686,233153,129419,55.5,19.7,75.2,83.4,197,4.8,13732
2026-02,WY-UM-02,WY,Umbrella,Rural farm belt,216870,208622,96472,46.2,24.5,70.7,83.7,277,4.4,7922
2026-03,WY-UM-02,WY,Umbrella,Rural farm belt,163480,152439,71438,46.9,21.8,68.7,81.5,130,5.0,10922
2025-04,WY-UM-03,WY,Umbrella,Wildland interface,182102,185175,116519,62.9,19.1,82.1,80.3,216,5.6,9552
2025-05,WY-UM-03,WY,Umbrella,Wildland interface,176340,176716,118691,67.2,21.7,88.8,79.0,133,6.5,13629
2025-06,WY-UM-03,WY,Umbrella,Wildland interface,206981,208980,131799,63.1,24.2,87.2,77.1,215,5.6,10893
2025-07,WY-UM-03,WY,Umbrella,Wildland interface,243876,237332,169215,71.3,23.6,94.9,77.6,288,9.4,6220
2025-08,WY-UM-03,WY,Umbrella,Wildland interface,200183,187281,116618,62.3,20.8,83.0,79.2,242,5.6,8611
2025-09,WY-UM-03,WY,Umbrella,Wildland interface,247497,245208,154078,62.8,22.2,85.0,79.0,285,5.1,10696
2025-10,WY-UM-03,WY,Umbrella,Wildland interface,231274,224387,137040,61.1,21.1,82.1,80.4,168,5.3,15454
2025-11,WY-UM-03,WY,Umbrella,Wildland interface,182726,183785,130337,70.9,20.9,91.9,76.6,230,9.0,6311
2025-12,WY-UM-03,WY,Umbrella,Wildland interface,227065,230354,127141,55.2,18.8,74.0,79.2,207,5.5,11088
2026-01,WY-UM-03,WY,Umbrella,Wildland interface,243197,247141,146436,59.3,21.6,80.8,79.2,233,5.9,10687
2026-02,WY-UM-03,WY,Umbrella,Wildland interface,257361,259628,168196,64.8,20.9,85.7,78.5,192,5.8,15185
2026-03,WY-UM-03,WY,Umbrella,Wildland interface,229455,227220,153051,67.4,20.0,87.3,79.2,164,5.8,16095
2025-04,WY-UM-04,WY,Umbrella,Mountain and hail belt,210949,212677,132773,62.4,19.9,82.3,81.3,163,6.2,13137
2025-05,WY-UM-04,WY,Umbrella,Mountain and hail belt,239390,230359,142742,62.0,20.7,82.7,81.5,170,7.1,11855
2025-06,WY-UM-04,WY,Umbrella,Mountain and hail belt,200269,199596,117414,58.8,20.3,79.1,82.6,226,5.3,9883
2025-07,WY-UM-04,WY,Umbrella,Mountain and hail belt,204433,192524,120834,62.8,24.1,86.9,84.7,148,8.2,9987
2025-08,WY-UM-04,WY,Umbrella,Mountain and hail belt,195161,191605,125488,65.5,20.6,86.1,84.6,200,7.1,8880
2025-09,WY-UM-04,WY,Umbrella,Mountain and hail belt,150544,151902,88851,58.5,20.6,79.1,81.5,142,7.4,8476
2025-10,WY-UM-04,WY,Umbrella,Mountain and hail belt,202683,189584,104717,55.2,21.4,76.7,81.8,160,6.4,10226
2025-11,WY-UM-04,WY,Umbrella,Mountain and hail belt,191854,182247,106762,58.6,19.6,78.2,85.7,225,6.0,7851
2025-12,WY-UM-04,WY,Umbrella,Mountain and hail belt,238205,223003,124157,55.7,21.1,76.8,83.0,168,6.6,11273
2026-01,WY-UM-04,WY,Umbrella,Mountain and hail belt,173057,159909,89289,55.8,23.0,78.8,86.3,189,6.6,7187
2026-02,WY-UM-04,WY,Umbrella,Mountain and hail belt,203924,201176,108820,54.1,21.0,75.1,84.2,157,4.9,14187
2026-03,WY-UM-04,WY,Umbrella,Mountain and hail belt,189114,188441,125770,66.7,21.5,88.3,86.4,144,7.1,12359
